Method name: DD 96well 48hr 20min interval (Modified),,,,,,,,,,,,,,,,,,,,,,,,,,,,,,,,,,,,,,,,,,,,,,,,,,,,,,,,,,,,,,,,,,,,,,,,,,,,,,,,,,,,,,,,,,,,,,,,,,
Application: SparkControl,,,,V2.3,,,,,,,,,,,,,,,,,,,,,,,,,,,,,,,,,,,,,,,,,,,,,,,,,,,,,,,,,,,,,,,,,,,,,,,,,,,,,,,,,,,,,,,,,,,,,,
Device: Spark,,,,Serial number: 1803003152,,,,,,,,,,,,,,,,,,,,,,,,,,,,,,,,,,,,,,,,,,,,,,,,,,,,,,,,,,,,,,,,,,,,,,,,,,,,,,,,,,,,,,,,,,,,,,
Firmware:,,,,LUM:V5.2.3|ABS:V4.3.2|ABS_MEX:V5.0.7|MTP:V13.1.5|FLUOR:V5.1.3|FLUOR_FP:V5.0.2|FLUOR_BOTTOM:V5.0.2|FLUOR_MEM:V5.0.7|FLUOR_MEX:V5.0.7|STACKER:V1.0.3,,,,,,,,,,,,,,,,,,,,,,,,,,,,,,,,,,,,,,,,,,,,,,,,,,,,,,,,,,,,,,,,,,,,,,,,,,,,,,,,,,,,,,,,,,,,,,
,,,,,,,,,,,,,,,,,,,,,,,,,,,,,,,,,,,,,,,,,,,,,,,,,,,,,,,,,,,,,,,,,,,,,,,,,,,,,,,,,,,,,,,,,,,,,,,,,,
Date:,,,,6/10/2020,,,,,,,,,,,,,,,,,,,,,,,,,,,,,,,,,,,,,,,,,,,,,,,,,,,,,,,,,,,,,,,,,,,,,,,,,,,,,,,,,,,,,,,,,,,,,,
Time:,,,,12:09 PM,,,,,,,,,,,,,,,,,,,,,,,,,,,,,,,,,,,,,,,,,,,,,,,,,,,,,,,,,,,,,,,,,,,,,,,,,,,,,,,,,,,,,,,,,,,,,,
System,,,,5DZ4CM2,,,,,,,,,,,,,,,,,,,,,,,,,,,,,,,,,,,,,,,,,,,,,,,,,,,,,,,,,,,,,,,,,,,,,,,,,,,,,,,,,,,,,,,,,,,,,,
User,,,,5DZ4CM2\WEI-144,,,,,,,,,,,,,,,,,,,,,,,,,,,,,,,,,,,,,,,,,,,,,,,,,,,,,,,,,,,,,,,,,,,,,,,,,,,,,,,,,,,,,,,,,,,,,,
Plate,,,,[NUN96ft_TC] - Thermo Fisher Scientific-Nunclon 96 Flat Transparent Cat. No.: 152038/152039/156545/161093/167008/168055,,,,,,,,,,,,,,,,,,,,,,,,,,,,,,,,,,,,,,,,,,,,,,,,,,,,,,,,,,,,,,,,,,,,,,,,,,,,,,,,,,,,,,,,,,,,,,
Lid lifter,,,,No lid,,,,,,,,,,,,,,,,,,,,,,,,,,,,,,,,,,,,,,,,,,,,,,,,,,,,,,,,,,,,,,,,,,,,,,,,,,,,,,,,,,,,,,,,,,,,,,
Humidity Cassette,,,,No humidity cassette,,,,,,,,,,,,,,,,,,,,,,,,,,,,,,,,,,,,,,,,,,,,,,,,,,,,,,,,,,,,,,,,,,,,,,,,,,,,,,,,,,,,,,,,,,,,,,
Smooth mode,,,,Selected,,,,,,,,,,,,,,,,,,,,,,,,,,,,,,,,,,,,,,,,,,,,,,,,,,,,,,,,,,,,,,,,,,,,,,,,,,,,,,,,,,,,,,,,,,,,,,
,,,,,,,,,,,,,,,,,,,,,,,,,,,,,,,,,,,,,,,,,,,,,,,,,,,,,,,,,,,,,,,,,,,,,,,,,,,,,,,,,,,,,,,,,,,,,,,,,,
List of actions in this measurement script:,,,,,,,,,,,,,,,,,,,,,,,,,,,,,,,,,,,,,,,,,,,,,,,,,,,,,,,,,,,,,,,,,,,,,,,,,,,,,,,,,,,,,,,,,,,,,,,,,,
Plate,,,,,,,,,,,,,,,,,,,,,,,,,,,,,,,,,,,,,,,,,,,,,,,,,,,,,,,,,,,,,,,,,,,,,,,,,,,,,,,,,,,,,,,,,,,,,,,,,,
,Kinetic,,,,,,,,,,,,,,,,,,,,,,,,,,,,,,,,,,,,,,,,,,,,,,,,,,,,,,,,,,,,,,,,,,,,,,,,,,,,,,,,,,,,,,,,,,,,,,,,,
,,Absorbance,,,,Absorbance,,,,,,,,,,,,,,,,,,,,,,,,,,,,,,,,,,,,,,,,,,,,,,,,,,,,,,,,,,,,,,,,,,,,,,,,,,,,,,,,,,,,,,,,,,,,
,,,,,,,,,,,,,,,,,,,,,,,,,,,,,,,,,,,,,,,,,,,,,,,,,,,,,,,,,,,,,,,,,,,,,,,,,,,,,,,,,,,,,,,,,,,,,,,,,,
Name,,,,NUN96ft_TC,,,,,,,,,,,,,,,,,,,,,,,,,,,,,,,,,,,,,,,,,,,,,,,,,,,,,,,,,,,,,,,,,,,,,,,,,,,,,,,,,,,,,,,,,,,,,,
Plate layout,,,,,,,,,,,,,,,,,,,,,,,,,,,,,,,,,,,,,,,,,,,,,,,,,,,,,,,,,,,,,,,,,,,,,,,,,,,,,,,,,,,,,,,,,,,,,,,,,,
Plate area,,,,A1-H12,,,,,,,,,,,,,,,,,,,,,,,,,,,,,,,,,,,,,,,,,,,,,,,,,,,,,,,,,,,,,,,,,,,,,,,,,,,,,,,,,,,,,,,,,,,,,,
,,,,,,,,,,,,,,,,,,,,,,,,,,,,,,,,,,,,,,,,,,,,,,,,,,,,,,,,,,,,,,,,,,,,,,,,,,,,,,,,,,,,,,,,,,,,,,,,,,
Mode,Kinetic,,,,,,,,,,,,,,,,,,,,,,,,,,,,,,,,,,,,,,,,,,,,,,,,,,,,,,,,,,,,,,,,,,,,,,,,,,,,,,,,,,,,,,,,,,,,,,,,,
Kinetic cycles,,,,73,,,,,,,,,,,,,,,,,,,,,,,,,,,,,,,,,,,,,,,,,,,,,,,,,,,,,,,,,,,,,,,,,,,,,,,,,,,,,,,,,,,,,,,,,,,,,,
Interval time,,,,Not defined,,,,,,,,,,,,,,,,,,,,,,,,,,,,,,,,,,,,,,,,,,,,,,,,,,,,,,,,,,,,,,,,,,,,,,,,,,,,,,,,,,,,,,,,,,,,,,
,,,,,,,,,,,,,,,,,,,,,,,,,,,,,,,,,,,,,,,,,,,,,,,,,,,,,,,,,,,,,,,,,,,,,,,,,,,,,,,,,,,,,,,,,,,,,,,,,,
Mode,Absorbance,,,,,,,,,,,,,,,,,,,,,,,,,,,,,,,,,,,,,,,,,,,,,,,,,,,,,,,,,,,,,,,,,,,,,,,,,,,,,,,,,,,,,,,,,,,,,,,,,
Name,Absorbance,,,,,,,,,,,,,,,,,,,,,,,,,,,,,,,,,,,,,,,,,,,,,,,,,,,,,,,,,,,,,,,,,,,,,,,,,,,,,,,,,,,,,,,,,,,,,,,,,
Measurement wavelength,,,,600,nm,,,,,,,,,,,,,,,,,,,,,,,,,,,,,,,,,,,,,,,,,,,,,,,,,,,,,,,,,,,,,,,,,,,,,,,,,,,,,,,,,,,,,,,,,,,,,
Number of flashes,,,,10,,,,,,,,,,,,,,,,,,,,,,,,,,,,,,,,,,,,,,,,,,,,,,,,,,,,,,,,,,,,,,,,,,,,,,,,,,,,,,,,,,,,,,,,,,,,,,
Settle time,,,,50,ms,,,,,,,,,,,,,,,,,,,,,,,,,,,,,,,,,,,,,,,,,,,,,,,,,,,,,,,,,,,,,,,,,,,,,,,,,,,,,,,,,,,,,,,,,,,,,
Part of Plate,,,,A1-H12,,,,,,,,,,,,,,,,,,,,,,,,,,,,,,,,,,,,,,,,,,,,,,,,,,,,,,,,,,,,,,,,,,,,,,,,,,,,,,,,,,,,,,,,,,,,,,
,,,,,,,,,,,,,,,,,,,,,,,,,,,,,,,,,,,,,,,,,,,,,,,,,,,,,,,,,,,,,,,,,,,,,,,,,,,,,,,,,,,,,,,,,,,,,,,,,,
Start Time,,,,6/9/2020 12:05,,,,,,,,,,,,,,,,,,,,,,,,,,,,,,,,,,,,,,,,,,,,,,,,,,,,,,,,,,,,,,,,,,,,,,,,,,,,,,,,,,,,,,,,,,,,,,
,,,,,,,,,,,,,,,,,,,,,,,,,,,,,,,,,,,,,,,,,,,,,,,,,,,,,,,,,,,,,,,,,,,,,,,,,,,,,,,,,,,,,,,,,,,,,,,,,,
Absorbance,,,,,,,,,,,,,,,,,,,,,,,,,,,,,,,,,,,,,,,,,,,,,,,,,,,,,,,,,,,,,,,,,,,,,,,,,,,,,,,,,,,,,,,,,,,,,,,,,,
Cycle Nr.,Time [s],Temp. [°C],A1,A2,A3,A4,A5,A6,A7,A8,A9,A10,A11,A12,B1,B2,B3,B4,B5,B6,B7,B8,B9,B10,B11,B12,C1,C2,C3,C4,C5,C6,C7,C8,C9,C10,C11,C12,D1,D2,D3,D4,D5,D6,D7,D8,D9,D10,D11,D12,E1,E2,E3,E4,E5,E6,E7,E8,E9,E10,E11,E12,F1,F2,F3,F4,F5,F6,F7,F8,F9,F10,F11,F12,G1,G2,G3,G4,G5,G6,G7,G8,G9,G10,G11,G12,H1,H2,H3,H4,H5,H6,H7,H8,H9,H10,H11,H12
1,0,35.5,3.0529,0.0416,0.0423,0.0422,0.0415,0.0417,0.043,0.0413,0.0418,0.0425,0.0416,0.0424,0.0416,0.0647,0.0748,0.0752,0.0675,0.0691,0.066,0.0716,0.0768,0.067,0.0694,0.0418,0.0433,0.0699,0.0716,0.0744,0.071,0.0716,0.0692,0.0766,0.0735,0.0678,0.0713,0.0427,0.0421,0.067,0.0746,0.0738,0.0702,0.0677,0.061,0.0677,0.0706,0.0658,0.0721,0.0412,0.0422,0.0662,0.069,0.0741,0.0699,0.0697,0.0606,0.0653,0.0699,0.0652,0.0659,0.0416,0.0418,0.0689,0.0718,0.073,0.0693,0.0687,0.0636,0.0695,0.0673,0.0641,0.0664,0.0417,0.0424,0.0678,0.0724,0.0756,0.0733,0.0721,0.0672,0.0708,0.0707,0.0712,0.0689,0.042,0.0428,0.0433,0.042,0.0426,0.0433,0.0421,0.0418,0.0418,0.0417,0.0431,0.0417,0.0418
2,1199.92,35.6,3.0544,0.0417,0.0425,0.0423,0.0414,0.0415,0.043,0.0412,0.0417,0.0427,0.0416,0.0425,0.0416,0.0682,0.0797,0.08,0.0707,0.0704,0.0683,0.0777,0.0783,0.0684,0.07,0.0418,0.0431,0.0726,0.0789,0.0808,0.0732,0.0754,0.0722,0.0814,0.0754,0.0699,0.0716,0.0425,0.0419,0.0706,0.0835,0.081,0.0695,0.0722,0.0647,0.0711,0.0744,0.0699,0.0769,0.0412,0.0422,0.0702,0.0738,0.078,0.0738,0.0732,0.0631,0.0685,0.0753,0.0686,0.0682,0.0415,0.0417,0.0731,0.0778,0.0778,0.0725,0.0711,0.0653,0.071,0.0731,0.0684,0.0681,0.0416,0.0424,0.0692,0.0738,0.0796,0.0763,0.0749,0.0701,0.0746,0.0748,0.0757,0.0725,0.0418,0.0428,0.0433,0.042,0.0426,0.0432,0.0421,0.0418,0.0417,0.0418,0.0432,0.0417,0.0417
3,2399.782,36,3.0567,0.0415,0.0423,0.0423,0.0414,0.0416,0.0429,0.0412,0.0418,0.0428,0.0417,0.0423,0.0414,0.0706,0.0826,0.0804,0.0766,0.0727,0.0712,0.0824,0.0854,0.0743,0.0722,0.0419,0.0432,0.0771,0.0833,0.084,0.0765,0.0805,0.0743,0.0859,0.0805,0.0714,0.0752,0.0425,0.0421,0.0742,0.0904,0.0849,0.078,0.0765,0.0675,0.0776,0.0767,0.071,0.0797,0.0414,0.0424,0.0741,0.0776,0.0832,0.0795,0.08,0.0659,0.0719,0.0774,0.0724,0.0712,0.0415,0.0419,0.0763,0.0819,0.0819,0.075,0.0752,0.0682,0.0747,0.0759,0.0722,0.0709,0.0416,0.0424,0.0736,0.0796,0.085,0.0813,0.0802,0.0723,0.0789,0.0791,0.0786,0.076,0.0419,0.0428,0.0433,0.042,0.0426,0.0433,0.0422,0.0419,0.0418,0.0418,0.0432,0.0418,0.0417
4,3599.646,36.7,3.0407,0.0416,0.0424,0.0423,0.0415,0.0418,0.0431,0.0413,0.0419,0.0428,0.0416,0.0425,0.0415,0.0741,0.0923,0.0882,0.0778,0.078,0.0713,0.0866,0.0855,0.0773,0.0762,0.0418,0.0432,0.0844,0.0926,0.0921,0.0783,0.0842,0.0749,0.0879,0.0866,0.0755,0.0796,0.0426,0.042,0.0782,0.0994,0.0922,0.0799,0.081,0.0726,0.0778,0.083,0.0749,0.0823,0.0413,0.0423,0.0778,0.0821,0.0871,0.0831,0.087,0.0683,0.0733,0.0829,0.0749,0.0725,0.0415,0.0418,0.0841,0.0905,0.0866,0.0807,0.0778,0.0709,0.0788,0.0802,0.0745,0.0738,0.0417,0.0426,0.0789,0.0858,0.0938,0.0874,0.0865,0.0764,0.0847,0.0811,0.082,0.0793,0.0419,0.0428,0.0432,0.0421,0.0425,0.0432,0.0422,0.0417,0.0419,0.0417,0.0432,0.0419,0.0417
5,4799.663,36,3.0334,0.0416,0.0424,0.0423,0.0415,0.0416,0.043,0.0412,0.0418,0.0427,0.0417,0.0425,0.0416,0.079,0.0978,0.0947,0.084,0.0864,0.0793,0.0959,0.0944,0.0795,0.0806,0.0418,0.0432,0.0872,0.1035,0.1007,0.0851,0.0959,0.0804,0.0964,0.0905,0.0813,0.0833,0.0426,0.0421,0.0861,0.1107,0.1009,0.0872,0.0908,0.0758,0.0841,0.0883,0.0811,0.0887,0.0413,0.0423,0.0842,0.0886,0.0969,0.0912,0.0919,0.07,0.0784,0.0876,0.081,0.0768,0.0415,0.0417,0.0951,0.1007,0.0939,0.0888,0.0877,0.0752,0.0835,0.0869,0.0778,0.0769,0.0416,0.0425,0.0863,0.0967,0.1026,0.0975,0.0948,0.0817,0.0902,0.087,0.0856,0.0841,0.042,0.0429,0.0433,0.0421,0.0426,0.0432,0.0422,0.0417,0.0419,0.0418,0.0432,0.0418,0.0418
6,5999.632,35.8,3.0302,0.0414,0.0423,0.0423,0.0413,0.0414,0.0429,0.0411,0.0417,0.0426,0.0416,0.0422,0.0416,0.0861,0.1106,0.1039,0.0874,0.0917,0.0827,0.101,0.101,0.0841,0.0848,0.0417,0.043,0.0974,0.1148,0.1125,0.0954,0.107,0.0848,0.1049,0.0978,0.0844,0.0897,0.0424,0.042,0.0935,0.1236,0.1119,0.0917,0.0999,0.0765,0.0885,0.0928,0.0871,0.0921,0.0412,0.0422,0.0904,0.0949,0.1049,0.099,0.0988,0.0733,0.0824,0.0934,0.0891,0.0812,0.0415,0.0416,0.1054,0.1138,0.1044,0.0976,0.0934,0.0801,0.0886,0.0946,0.0845,0.081,0.0415,0.0424,0.0975,0.1056,0.1108,0.1086,0.1042,0.0893,0.0954,0.0917,0.0908,0.0907,0.0418,0.0428,0.0431,0.0419,0.0426,0.0431,0.0421,0.0416,0.0417,0.0418,0.0431,0.0417,0.0418
7,7199.527,35.9,3.0153,0.0417,0.0424,0.0423,0.0413,0.0416,0.0429,0.0411,0.0417,0.0427,0.0416,0.0423,0.0416,0.0962,0.1218,0.1108,0.0935,0.1001,0.088,0.1122,0.1076,0.0917,0.0912,0.0418,0.0431,0.107,0.1323,0.1202,0.1063,0.1212,0.0922,0.1144,0.1062,0.0912,0.0973,0.0426,0.042,0.1039,0.1372,0.1258,0.098,0.1111,0.0798,0.094,0.0983,0.0951,0.0991,0.0414,0.0424,0.0988,0.1062,0.1151,0.1058,0.1095,0.0758,0.0885,0.101,0.0957,0.0883,0.0415,0.0417,0.1244,0.1298,0.1198,0.1085,0.1068,0.0833,0.0939,0.0985,0.0914,0.0858,0.0416,0.0424,0.1134,0.1197,0.1237,0.123,0.1171,0.0941,0.1022,0.0972,0.0972,0.1001,0.0419,0.0428,0.0433,0.0421,0.0426,0.0431,0.0421,0.0417,0.0417,0.0417,0.0432,0.0417,0.0417
8,8399.539,35.7,3.0155,0.0417,0.0424,0.0422,0.0416,0.0416,0.043,0.0412,0.0418,0.0427,0.0416,0.0424,0.0416,0.1058,0.1355,0.1234,0.1013,0.106,0.0915,0.1164,0.117,0.0983,0.0967,0.0418,0.0431,0.1266,0.1481,0.1328,0.1195,0.1359,0.0982,0.1228,0.1158,0.0988,0.1052,0.0425,0.042,0.116,0.1583,0.1359,0.1043,0.1194,0.0827,0.0999,0.1071,0.1019,0.1064,0.0414,0.0421,0.1073,0.1137,0.1274,0.1168,0.1182,0.0787,0.0928,0.1077,0.1036,0.0934,0.0414,0.0418,0.1408,0.1487,0.1315,0.124,0.1224,0.0864,0.1012,0.1075,0.0979,0.0932,0.0415,0.0424,0.1317,0.1302,0.136,0.1404,0.1338,0.099,0.109,0.1031,0.1034,0.1071,0.0418,0.0429,0.0435,0.042,0.0426,0.0432,0.0421,0.0418,0.0418,0.0417,0.0432,0.0417,0.0418
9,9599.35,36,2.9972,0.0417,0.0425,0.0424,0.0415,0.0417,0.0431,0.0413,0.0417,0.0426,0.0415,0.0425,0.0415,0.1194,0.1501,0.1376,0.1126,0.1148,0.0969,0.128,0.1232,0.106,0.1057,0.0417,0.0432,0.1416,0.1678,0.1472,0.1385,0.1523,0.1014,0.1329,0.1224,0.1052,0.1124,0.0427,0.042,0.1312,0.1731,0.1481,0.1147,0.1336,0.0888,0.1064,0.1119,0.1094,0.1145,0.0413,0.0423,0.1156,0.1249,0.1402,0.1284,0.1321,0.0805,0.0982,0.1134,0.1101,0.1008,0.0415,0.0419,0.1575,0.1641,0.148,0.135,0.1373,0.0895,0.1065,0.1126,0.105,0.0989,0.0415,0.0424,0.1464,0.1454,0.1492,0.1592,0.1513,0.1061,0.1151,0.11,0.1114,0.1149,0.0419,0.043,0.0434,0.0421,0.0427,0.0433,0.0422,0.0419,0.042,0.0418,0.0434,0.0419,0.0418
10,10798.383,36,2.9943,0.0417,0.0424,0.0424,0.0415,0.0416,0.0429,0.0411,0.0419,0.0427,0.0417,0.0424,0.0416,0.129,0.1666,0.1515,0.1226,0.1212,0.1013,0.1337,0.1306,0.1112,0.1158,0.0418,0.0432,0.1582,0.1865,0.1666,0.1562,0.1689,0.1072,0.1417,0.1308,0.1129,0.1212,0.0426,0.0421,0.1504,0.1918,0.1684,0.1261,0.1488,0.0919,0.1113,0.1155,0.1179,0.1212,0.0414,0.0423,0.1261,0.1375,0.1569,0.1419,0.147,0.0843,0.1027,0.1207,0.1169,0.1071,0.0416,0.0418,0.1789,0.1836,0.1656,0.1514,0.1576,0.0929,0.1133,0.1198,0.1132,0.1072,0.0415,0.0426,0.1646,0.1603,0.1672,0.1824,0.1688,0.1126,0.1201,0.1147,0.1202,0.1238,0.0419,0.0429,0.0434,0.042,0.0426,0.0432,0.0421,0.0418,0.0417,0.0418,0.0433,0.0417,0.0418
11,11999.382,36.2,2.9992,0.0417,0.0424,0.0425,0.0416,0.0416,0.0431,0.0413,0.0419,0.0427,0.0416,0.0426,0.0416,0.148,0.1836,0.169,0.1352,0.1314,0.1062,0.1436,0.1386,0.1183,0.1233,0.0419,0.0434,0.1765,0.2137,0.1859,0.1755,0.1875,0.1118,0.1515,0.1371,0.1204,0.1294,0.0425,0.0421,0.166,0.2178,0.1869,0.1414,0.1674,0.0965,0.1177,0.1221,0.1259,0.1272,0.0414,0.0423,0.1399,0.1516,0.175,0.1569,0.1632,0.0861,0.1087,0.1275,0.1246,0.1142,0.0416,0.0418,0.2014,0.2053,0.1851,0.1705,0.1743,0.0954,0.1185,0.1276,0.1195,0.1128,0.0414,0.0424,0.187,0.1768,0.1857,0.2022,0.1916,0.1206,0.1288,0.1213,0.1293,0.1314,0.042,0.0429,0.0434,0.0419,0.0426,0.0431,0.042,0.0418,0.0417,0.0418,0.0432,0.0417,0.0417
12,13199.234,36.2,2.9867,0.0416,0.0425,0.0424,0.0415,0.0417,0.043,0.0413,0.0417,0.0427,0.0417,0.0426,0.0414,0.1674,0.209,0.1922,0.1461,0.1442,0.1109,0.1508,0.1455,0.1263,0.1314,0.0418,0.0433,0.2011,0.2418,0.2101,0.1963,0.2121,0.1182,0.1605,0.1475,0.1264,0.136,0.0425,0.0422,0.1862,0.2467,0.2097,0.1592,0.1875,0.0998,0.1251,0.1278,0.1324,0.1361,0.0412,0.0423,0.1552,0.1675,0.1991,0.1761,0.186,0.0895,0.1147,0.136,0.133,0.1208,0.0415,0.0419,0.2286,0.2309,0.2025,0.1878,0.1989,0.0984,0.1246,0.1348,0.1259,0.1187,0.0416,0.0425,0.2049,0.2004,0.2112,0.2271,0.2136,0.1283,0.1345,0.1271,0.1363,0.1402,0.0419,0.0428,0.0434,0.0418,0.0426,0.0431,0.0422,0.0418,0.0418,0.0419,0.0432,0.0417,0.0418
13,14399.193,36.1,2.972,0.0417,0.0426,0.0425,0.0415,0.0415,0.0431,0.0414,0.0418,0.0427,0.0417,0.0424,0.0416,0.1903,0.2349,0.2147,0.1639,0.1595,0.1169,0.1607,0.1535,0.1337,0.1363,0.0419,0.0433,0.2216,0.2735,0.2395,0.2196,0.2391,0.1228,0.1692,0.1521,0.1323,0.1428,0.0425,0.0421,0.2082,0.276,0.2418,0.1808,0.2153,0.1052,0.1319,0.1344,0.1377,0.1445,0.0413,0.0423,0.174,0.1892,0.2244,0.1952,0.2086,0.0914,0.1205,0.1416,0.1397,0.1269,0.0415,0.0418,0.2533,0.2609,0.2312,0.2079,0.2262,0.1013,0.1303,0.1391,0.1353,0.1251,0.0415,0.0424,0.2215,0.2227,0.2372,0.2513,0.2409,0.1353,0.1413,0.1332,0.1457,0.1478,0.0419,0.0429,0.0433,0.0419,0.0426,0.0432,0.0422,0.0418,0.0419,0.0418,0.0431,0.0416,0.0417
14,15599.122,36.2,2.9778,0.0416,0.0424,0.0422,0.0415,0.0415,0.0431,0.0411,0.042,0.0427,0.0416,0.0424,0.0416,0.2132,0.269,0.2432,0.1795,0.1776,0.1222,0.169,0.1605,0.1398,0.1424,0.0419,0.0431,0.2478,0.3083,0.2706,0.2445,0.2675,0.1278,0.1792,0.1601,0.1383,0.1509,0.0426,0.042,0.2373,0.3161,0.2724,0.2052,0.2443,0.1091,0.1388,0.1399,0.1444,0.152,0.0413,0.0423,0.1933,0.2131,0.2553,0.222,0.2335,0.0937,0.1271,0.1492,0.1454,0.1347,0.0415,0.0418,0.2811,0.2912,0.2638,0.2323,0.2578,0.1045,0.1371,0.1457,0.1415,0.1316,0.0414,0.0424,0.2457,0.2515,0.2671,0.2759,0.2749,0.1422,0.1486,0.1385,0.1547,0.1551,0.0418,0.0428,0.0432,0.042,0.0425,0.0432,0.0421,0.0418,0.0419,0.0418,0.0432,0.0418,0.0418
15,16799.126,36.2,2.9623,0.0417,0.0425,0.0423,0.0413,0.0417,0.043,0.0412,0.0418,0.0427,0.0417,0.0425,0.0416,0.2367,0.3034,0.2739,0.2012,0.2006,0.1281,0.1774,0.1676,0.1467,0.1501,0.0418,0.0431,0.2794,0.3525,0.3076,0.2696,0.3041,0.1347,0.1867,0.1676,0.1449,0.1573,0.0426,0.0422,0.2644,0.3584,0.3106,0.2317,0.2773,0.1143,0.1468,0.1463,0.1529,0.1596,0.0413,0.0423,0.2178,0.2411,0.2907,0.256,0.2677,0.0963,0.1329,0.1566,0.1525,0.141,0.0416,0.0419,0.3103,0.3283,0.2969,0.2733,0.2916,0.1063,0.1432,0.1521,0.1469,0.1376,0.0415,0.0425,0.2701,0.2841,0.3015,0.2976,0.3106,0.1492,0.1557,0.1449,0.1623,0.1634,0.0419,0.0432,0.0433,0.042,0.0426,0.0432,0.0422,0.0419,0.0418,0.0419,0.0433,0.0417,0.0418
16,17998.931,36.2,2.9684,0.0417,0.0424,0.0424,0.0415,0.0417,0.043,0.0411,0.0419,0.0427,0.0417,0.0424,0.0416,0.2628,0.3412,0.3119,0.2268,0.2272,0.1347,0.187,0.177,0.1539,0.1561,0.0418,0.0431,0.3149,0.4008,0.3491,0.3023,0.3425,0.1418,0.1983,0.1742,0.1528,0.1646,0.0425,0.0419,0.3018,0.3993,0.3504,0.2652,0.3173,0.1195,0.1532,0.1529,0.1612,0.1669,0.0413,0.0424,0.2459,0.2746,0.3292,0.2928,0.3028,0.099,0.1388,0.1639,0.1591,0.1465,0.0417,0.0418,0.3433,0.3687,0.3323,0.3013,0.3252,0.1102,0.1478,0.1573,0.1527,0.1418,0.0414,0.0425,0.2958,0.3222,0.3411,0.3287,0.3463,0.1532,0.1631,0.1515,0.1706,0.1714,0.0419,0.0433,0.0433,0.042,0.0426,0.0433,0.0421,0.0418,0.0419,0.0417,0.0431,0.0419,0.0419
17,19198.947,36,2.9567,0.0417,0.0424,0.0424,0.0415,0.0414,0.0431,0.0412,0.042,0.0429,0.0418,0.0424,0.0417,0.2959,0.3837,0.352,0.261,0.2573,0.1402,0.1954,0.1827,0.1603,0.1642,0.0419,0.0432,0.3459,0.4443,0.3903,0.3318,0.3824,0.147,0.2052,0.1815,0.1585,0.1721,0.0426,0.042,0.3336,0.4455,0.3934,0.2975,0.3575,0.1232,0.1591,0.159,0.169,0.1742,0.0413,0.0423,0.2763,0.3108,0.371,0.3321,0.3414,0.102,0.1449,0.1696,0.1654,0.1536,0.0415,0.0419,0.3758,0.407,0.3739,0.3412,0.3713,0.1117,0.1551,0.1649,0.1596,0.1492,0.0415,0.0426,0.3265,0.3606,0.3811,0.3581,0.3867,0.1573,0.1706,0.1573,0.1783,0.1789,0.0418,0.0433,0.0433,0.042,0.0427,0.0432,0.0422,0.0418,0.0417,0.0419,0.0431,0.0418,0.0417
18,20398.825,36,2.953,0.0417,0.0423,0.0425,0.0414,0.0415,0.043,0.0413,0.0419,0.0429,0.0417,0.0424,0.0415,0.3316,0.4239,0.3885,0.2975,0.2892,0.146,0.2038,0.1895,0.1663,0.1696,0.0419,0.0432,0.3881,0.4906,0.4343,0.3726,0.426,0.1539,0.214,0.1898,0.1645,0.1786,0.0425,0.042,0.3788,0.4848,0.4367,0.3382,0.4011,0.1278,0.1661,0.1652,0.1752,0.1806,0.0415,0.0423,0.314,0.3484,0.414,0.3817,0.3857,0.1041,0.1511,0.1774,0.1708,0.1585,0.0416,0.0417,0.4174,0.4494,0.4178,0.3895,0.4147,0.1138,0.1603,0.1699,0.1646,0.1545,0.0414,0.0425,0.358,0.4017,0.4206,0.3908,0.4281,0.1617,0.1779,0.1636,0.1848,0.1853,0.042,0.0432,0.0433,0.0421,0.0426,0.0432,0.0421,0.0417,0.0419,0.0419,0.0432,0.0418,0.042
19,21598.843,36,2.9378,0.0419,0.0424,0.0425,0.0416,0.0416,0.0432,0.0412,0.0418,0.0429,0.0417,0.0426,0.0415,0.3708,0.4551,0.424,0.3396,0.3268,0.1542,0.2129,0.1982,0.1724,0.1762,0.0419,0.0432,0.4308,0.5263,0.4667,0.4184,0.4739,0.1602,0.2242,0.1961,0.171,0.1865,0.0427,0.0422,0.4246,0.522,0.4729,0.3801,0.4478,0.1319,0.1733,0.1715,0.182,0.1888,0.0413,0.0423,0.3545,0.3879,0.4499,0.4284,0.4282,0.1073,0.1574,0.1832,0.1779,0.1641,0.0414,0.0417,0.4596,0.4835,0.4526,0.4351,0.4584,0.1167,0.1663,0.1763,0.1707,0.1604,0.0416,0.0424,0.397,0.435,0.4546,0.4226,0.4692,0.164,0.1842,0.1693,0.1919,0.1919,0.0419,0.0431,0.0433,0.0421,0.0425,0.0431,0.0421,0.0418,0.0418,0.0419,0.0431,0.0417,0.0418
20,22798.852,36,3.0104,0.042,0.0422,0.0424,0.0415,0.0416,0.043,0.0414,0.0418,0.0427,0.0417,0.0425,0.0416,0.412,0.4821,0.4487,0.3782,0.362,0.1604,0.2207,0.2043,0.1768,0.1827,0.042,0.0433,0.4747,0.5549,0.496,0.4609,0.5078,0.1661,0.233,0.204,0.1769,0.1931,0.0427,0.0422,0.4743,0.5558,0.5008,0.4181,0.4868,0.1359,0.18,0.178,0.1893,0.1963,0.0413,0.0423,0.398,0.4201,0.4797,0.4745,0.4688,0.1097,0.1636,0.1897,0.1833,0.1708,0.0414,0.0416,0.5039,0.511,0.4794,0.4733,0.4951,0.1196,0.1724,0.1826,0.1774,0.1651,0.0415,0.0426,0.439,0.4616,0.4818,0.4564,0.5035,0.169,0.1913,0.1751,0.1985,0.1998,0.0419,0.0431,0.0432,0.0419,0.0425,0.0433,0.042,0.0418,0.0419,0.0418,0.0431,0.0419,0.042
21,23998.738,37,3.0099,0.0419,0.0422,0.0424,0.0415,0.0416,0.0431,0.0413,0.042,0.0427,0.0416,0.0425,0.0416,0.446,0.5008,0.4705,0.4141,0.3881,0.1683,0.2298,0.2104,0.1838,0.1886,0.0418,0.0432,0.5115,0.5774,0.5204,0.5001,0.5342,0.1702,0.2399,0.2108,0.1824,0.1995,0.0427,0.0421,0.5123,0.5823,0.526,0.4525,0.5214,0.1405,0.1858,0.1846,0.1951,0.2026,0.0412,0.0422,0.439,0.4455,0.5017,0.5108,0.5019,0.1119,0.17,0.1964,0.1891,0.1765,0.0414,0.0416,0.5423,0.5344,0.5029,0.5081,0.5291,0.1202,0.1779,0.1883,0.1824,0.1703,0.0416,0.0424,0.4733,0.4878,0.5038,0.4904,0.5364,0.1745,0.1982,0.1807,0.2063,0.2065,0.042,0.0432,0.0432,0.0421,0.0425,0.0431,0.0421,0.0418,0.0418,0.0419,0.0432,0.0418,0.0419
22,25198.703,37.3,3.0078,0.0417,0.0424,0.0424,0.0415,0.0416,0.0431,0.0412,0.0418,0.0427,0.0416,0.0425,0.0415,0.4724,0.5158,0.4824,0.4419,0.4105,0.175,0.2367,0.2172,0.1887,0.1937,0.0418,0.0431,0.5377,0.5965,0.5334,0.5308,0.5552,0.1741,0.2477,0.2171,0.1874,0.2054,0.0426,0.0421,0.5467,0.6038,0.5446,0.48,0.5493,0.1435,0.1911,0.19,0.2021,0.2096,0.0413,0.0421,0.4705,0.4691,0.5179,0.5405,0.5265,0.1142,0.1751,0.2028,0.1946,0.183,0.0415,0.0418,0.572,0.5556,0.5195,0.5379,0.5539,0.1217,0.1839,0.1937,0.188,0.1761,0.0416,0.0425,0.4996,0.5055,0.5203,0.5162,0.5614,0.1775,0.2057,0.1855,0.2139,0.2139,0.0418,0.0431,0.0434,0.042,0.0425,0.0432,0.0421,0.0419,0.0418,0.0418,0.0432,0.0417,0.0417
23,26398.552,37.5,3.0112,0.0418,0.0422,0.0424,0.0415,0.0417,0.0431,0.0412,0.0418,0.0427,0.0417,0.0425,0.0415,0.4955,0.5288,0.4946,0.4712,0.4288,0.1811,0.2455,0.225,0.1939,0.1992,0.0418,0.0432,0.5648,0.61,0.5465,0.5634,0.576,0.1798,0.2567,0.2241,0.1939,0.2116,0.0426,0.0421,0.5733,0.6204,0.5578,0.5038,0.5695,0.1482,0.1972,0.1956,0.2087,0.2156,0.0414,0.042,0.4963,0.4844,0.5338,0.5681,0.5464,0.1166,0.1819,0.2093,0.2013,0.1893,0.0416,0.0417,0.6012,0.5728,0.5321,0.561,0.5751,0.1247,0.1894,0.1998,0.1946,0.1808,0.0415,0.0425,0.5224,0.5214,0.5344,0.5404,0.583,0.181,0.2124,0.1916,0.2216,0.2208,0.042,0.0432,0.0434,0.042,0.0427,0.0433,0.042,0.0418,0.0418,0.0418,0.0432,0.0417,0.0416
24,27598.513,37.6,3.0146,0.0419,0.0426,0.0424,0.0414,0.0416,0.0431,0.0413,0.0419,0.0426,0.0416,0.0425,0.0416,0.5119,0.5416,0.5044,0.4957,0.443,0.1872,0.2564,0.2331,0.2005,0.2048,0.0417,0.0431,0.5918,0.6246,0.5599,0.5868,0.5923,0.1868,0.2659,0.2323,0.2012,0.2199,0.0425,0.0421,0.5924,0.6325,0.5691,0.5224,0.5856,0.1522,0.203,0.2012,0.214,0.2217,0.0414,0.0424,0.5202,0.4985,0.5458,0.5938,0.564,0.1191,0.1887,0.2158,0.2086,0.1952,0.0414,0.0419,0.6251,0.5856,0.5444,0.5821,0.5904,0.1271,0.1943,0.2052,0.2005,0.1853,0.0416,0.0425,0.5483,0.5354,0.5469,0.5625,0.6005,0.1864,0.2205,0.1973,0.2285,0.2272,0.042,0.0433,0.0434,0.042,0.0426,0.0432,0.0421,0.0418,0.0417,0.0419,0.0432,0.0418,0.0417
25,28798.59,37.7,3.0344,0.042,0.0425,0.0423,0.0417,0.0417,0.0431,0.0413,0.042,0.0428,0.0417,0.0427,0.0416,0.5289,0.5523,0.5154,0.5192,0.4551,0.1952,0.2668,0.2418,0.2086,0.2128,0.0418,0.0432,0.6133,0.6361,0.5709,0.6088,0.6054,0.1919,0.2751,0.2397,0.2066,0.2283,0.0424,0.0422,0.6156,0.645,0.5822,0.5419,0.6031,0.1597,0.2114,0.2091,0.2226,0.2303,0.0413,0.0424,0.5637,0.5103,0.5565,0.6135,0.5804,0.1212,0.1959,0.2235,0.2155,0.2026,0.0416,0.0419,0.6466,0.5981,0.5555,0.6002,0.6066,0.1288,0.2006,0.2118,0.2068,0.1908,0.0415,0.0426,0.566,0.5462,0.5593,0.583,0.6137,0.1909,0.2285,0.2043,0.2358,0.2346,0.0419,0.0433,0.0436,0.0421,0.0427,0.0433,0.0423,0.0419,0.0419,0.0419,0.0432,0.0417,0.0421
26,29998.367,37.9,3.0315,0.0418,0.0426,0.0424,0.0414,0.0415,0.043,0.0411,0.0418,0.0426,0.0416,0.0426,0.0415,0.5455,0.5601,0.5207,0.5334,0.4663,0.202,0.2744,0.2499,0.2159,0.2184,0.0417,0.043,0.63,0.6446,0.579,0.6257,0.616,0.1976,0.2849,0.2476,0.2122,0.2368,0.0425,0.0421,0.6305,0.6548,0.591,0.5542,0.6133,0.1623,0.2175,0.2149,0.2298,0.2382,0.0412,0.0423,0.5573,0.5202,0.5655,0.6305,0.5901,0.1232,0.2021,0.2312,0.2235,0.2119,0.0413,0.0418,0.6624,0.608,0.5645,0.6201,0.6194,0.1301,0.2074,0.2182,0.2139,0.1975,0.0415,0.0425,0.5823,0.5558,0.5674,0.5957,0.6263,0.1946,0.2356,0.2102,0.2446,0.2447,0.0418,0.0431,0.0432,0.0419,0.0423,0.0432,0.0422,0.0418,0.0418,0.0417,0.043,0.0416,0.0417
27,31198.325,37.7,3.0209,0.042,0.0425,0.0424,0.0415,0.0416,0.0431,0.0413,0.0419,0.0427,0.0417,0.0425,0.0416,0.5575,0.5689,0.5302,0.5486,0.4755,0.21,0.2849,0.2585,0.224,0.2267,0.0419,0.0431,0.6454,0.6549,0.5876,0.6408,0.6271,0.2046,0.2957,0.2557,0.2187,0.2456,0.0426,0.0421,0.6456,0.6656,0.6003,0.5678,0.6242,0.167,0.2244,0.2218,0.2382,0.2471,0.0413,0.0423,0.5724,0.5298,0.5751,0.6462,0.6003,0.1259,0.2089,0.2383,0.2309,0.2203,0.0416,0.0418,0.679,0.618,0.574,0.6333,0.6313,0.1321,0.2142,0.2254,0.221,0.2045,0.0415,0.0426,0.5974,0.5649,0.5766,0.6095,0.6375,0.1977,0.2439,0.2169,0.2556,0.2535,0.0419,0.0432,0.0435,0.0422,0.0426,0.0432,0.0422,0.0418,0.0418,0.0418,0.0431,0.0417,0.0418
28,32398.401,37.9,3.0098,0.0418,0.0423,0.0423,0.0414,0.0414,0.0431,0.0412,0.0419,0.0427,0.0416,0.0426,0.0416,0.5706,0.5748,0.5367,0.5591,0.4807,0.2158,0.2931,0.2668,0.2296,0.2337,0.0417,0.0431,0.6552,0.661,0.5947,0.6511,0.6342,0.2097,0.3044,0.2649,0.2249,0.2549,0.0425,0.0422,0.6571,0.6736,0.6075,0.5795,0.6343,0.1713,0.2317,0.2294,0.2476,0.2564,0.0413,0.0423,0.5836,0.5372,0.5822,0.6577,0.6088,0.1289,0.216,0.2461,0.2396,0.2284,0.0414,0.0417,0.6907,0.6249,0.581,0.6452,0.6414,0.1338,0.2213,0.2324,0.2266,0.2108,0.0414,0.0424,0.6084,0.5724,0.5819,0.62,0.647,0.2007,0.2529,0.223,0.2646,0.2626,0.0417,0.0431,0.0433,0.0419,0.0425,0.0431,0.0422,0.0417,0.0418,0.0418,0.0431,0.0417,0.0418
29,33598.14,37.7,3.0131,0.0419,0.0426,0.0423,0.0415,0.0414,0.043,0.0412,0.0417,0.0427,0.0418,0.0424,0.0416,0.5766,0.5834,0.5435,0.5735,0.4914,0.2229,0.3063,0.2764,0.2376,0.2404,0.0419,0.0431,0.6695,0.671,0.6029,0.6647,0.6451,0.2168,0.3157,0.2741,0.2323,0.2649,0.0424,0.042,0.6703,0.6814,0.6155,0.5911,0.6434,0.1761,0.2396,0.2367,0.2547,0.2634,0.0412,0.0421,0.5991,0.5456,0.5895,0.6699,0.6182,0.1326,0.2232,0.2547,0.2466,0.2372,0.0415,0.0417,0.7051,0.634,0.5863,0.6574,0.6493,0.1379,0.2277,0.2396,0.2326,0.215,0.0414,0.0425,0.6197,0.5794,0.5903,0.6333,0.6542,0.2043,0.261,0.2296,0.2746,0.2702,0.0418,0.0433,0.0434,0.0421,0.0427,0.0432,0.0421,0.0419,0.0419,0.0418,0.0431,0.0417,0.042
30,34797.149,37.6,3.0298,0.0419,0.0425,0.0424,0.0415,0.0414,0.0429,0.0412,0.0418,0.0428,0.0418,0.0424,0.0416,0.5871,0.5893,0.5486,0.5819,0.4966,0.229,0.3166,0.2865,0.2441,0.2491,0.042,0.0431,0.6781,0.6763,0.6087,0.6734,0.6518,0.2227,0.3263,0.2823,0.2378,0.2758,0.0427,0.0421,0.6786,0.6875,0.6213,0.5994,0.6494,0.1792,0.2465,0.2438,0.2645,0.2724,0.0413,0.0421,0.6054,0.5508,0.5952,0.679,0.6248,0.1359,0.2307,0.2619,0.2537,0.2453,0.0415,0.0418,0.7141,0.6401,0.5952,0.6667,0.6573,0.14,0.2345,0.2465,0.2377,0.222,0.0414,0.0426,0.6284,0.5853,0.5961,0.6411,0.6618,0.2061,0.269,0.236,0.2852,0.2805,0.0418,0.0433,0.0434,0.042,0.0426,0.0433,0.0422,0.0418,0.0419,0.0417,0.0432,0.0417,0.0417
31,35998.203,37.6,3.0205,0.0418,0.0425,0.0423,0.0414,0.0414,0.0429,0.0412,0.0417,0.0427,0.0416,0.0427,0.0415,0.5931,0.5952,0.5536,0.5906,0.5033,0.2345,0.3273,0.2948,0.2515,0.257,0.0418,0.0431,0.6876,0.6812,0.6145,0.6829,0.6588,0.228,0.337,0.2913,0.2436,0.2859,0.0426,0.0422,0.6862,0.6944,0.6265,0.6068,0.6558,0.1814,0.2531,0.2506,0.2716,0.2795,0.0412,0.0422,0.6166,0.5565,0.601,0.6898,0.6318,0.1397,0.2382,0.2711,0.2624,0.2517,0.0415,0.0418,0.7231,0.6454,0.6,0.6744,0.6633,0.1413,0.2412,0.2526,0.2416,0.2276,0.0415,0.0423,0.6376,0.5912,0.601,0.6484,0.6677,0.208,0.2775,0.2421,0.2927,0.2877,0.0418,0.0432,0.0434,0.042,0.0426,0.0432,0.0421,0.0417,0.0418,0.0418,0.0432,0.0417,0.042
32,37197.911,37.5,3.0185,0.0418,0.0426,0.0424,0.0416,0.0417,0.043,0.0412,0.0419,0.0427,0.0417,0.0424,0.0416,0.5981,0.6005,0.5596,0.6011,0.5097,0.2414,0.3404,0.3044,0.259,0.2656,0.0417,0.0433,0.6991,0.6882,0.6205,0.6922,0.6671,0.2353,0.3486,0.3008,0.2503,0.295,0.0427,0.0421,0.6954,0.6988,0.6336,0.6166,0.6645,0.1868,0.2618,0.2592,0.2808,0.2882,0.0414,0.0423,0.6265,0.5639,0.6081,0.7007,0.6394,0.1442,0.2468,0.2792,0.2703,0.2585,0.0416,0.0417,0.7329,0.6525,0.6049,0.6832,0.6692,0.145,0.2477,0.2603,0.2483,0.2326,0.0416,0.0425,0.6457,0.5976,0.6078,0.6584,0.6737,0.2102,0.2869,0.2491,0.3012,0.2956,0.042,0.0433,0.0435,0.0421,0.0426,0.0432,0.0423,0.0418,0.0419,0.0419,0.0432,0.0418,0.0418
33,38397.966,37.5,3.0056,0.0419,0.0425,0.0424,0.0417,0.0416,0.043,0.0413,0.0419,0.0428,0.0417,0.0426,0.0417,0.6045,0.6049,0.5635,0.6066,0.5129,0.2465,0.3495,0.3139,0.2653,0.2737,0.0417,0.0432,0.7046,0.6924,0.625,0.6986,0.6726,0.239,0.3594,0.3093,0.2557,0.3058,0.0425,0.0421,0.7027,0.7039,0.6377,0.6236,0.6708,0.1906,0.2699,0.2669,0.2885,0.2982,0.0414,0.0424,0.6322,0.5676,0.6119,0.7057,0.6446,0.1475,0.2538,0.287,0.2786,0.266,0.0416,0.0417,0.7385,0.657,0.6092,0.6887,0.675,0.1462,0.2553,0.2666,0.2545,0.2407,0.0415,0.0426,0.6523,0.6026,0.6117,0.6646,0.6805,0.2118,0.2953,0.2558,0.3046,0.3045,0.0418,0.0435,0.0436,0.042,0.0425,0.0433,0.0423,0.0419,0.0418,0.0418,0.0431,0.0418,0.0418
34,39597.928,37.4,2.9963,0.0418,0.0423,0.0422,0.0414,0.0415,0.043,0.0412,0.0419,0.0427,0.0416,0.0426,0.0416,0.6117,0.6084,0.5682,0.6128,0.5176,0.2508,0.3601,0.3237,0.2698,0.2834,0.0417,0.0431,0.7094,0.6962,0.6283,0.705,0.6758,0.242,0.3683,0.3174,0.2606,0.3157,0.0426,0.0421,0.7071,0.7088,0.6415,0.6274,0.6753,0.1937,0.2774,0.2735,0.2979,0.3064,0.0414,0.0423,0.6383,0.5715,0.6165,0.7105,0.6484,0.1508,0.2609,0.2947,0.2847,0.2746,0.0415,0.0418,0.7443,0.6605,0.6138,0.6945,0.68,0.1463,0.2632,0.2734,0.2588,0.2479,0.0414,0.0425,0.6582,0.606,0.6151,0.6696,0.6858,0.2121,0.3039,0.2619,0.3062,0.313,0.0418,0.0433,0.0436,0.042,0.0426,0.0432,0.0421,0.0418,0.0419,0.0417,0.0432,0.0418,0.0418
35,40796.903,37.3,2.9871,0.0419,0.0425,0.0425,0.0416,0.0418,0.0432,0.0414,0.0419,0.0427,0.0417,0.0425,0.0414,0.6162,0.6122,0.5713,0.6185,0.5225,0.2568,0.3712,0.3331,0.2747,0.2913,0.0418,0.0432,0.7151,0.701,0.6323,0.7095,0.6796,0.2475,0.3796,0.3268,0.268,0.3246,0.0425,0.0422,0.7152,0.7143,0.6466,0.6352,0.6816,0.1982,0.2864,0.282,0.3073,0.3157,0.0413,0.0425,0.6448,0.5765,0.6209,0.7169,0.6541,0.1547,0.269,0.3027,0.2945,0.2819,0.0414,0.0418,0.7501,0.6653,0.6177,0.7015,0.6864,0.1476,0.2703,0.2804,0.2648,0.2549,0.0414,0.0425,0.6632,0.61,0.6198,0.6747,0.6902,0.2125,0.3122,0.2685,0.3109,0.3221,0.0419,0.0432,0.0436,0.0419,0.0425,0.0431,0.0421,0.0418,0.0418,0.0417,0.0431,0.0418,0.0417
36,41997.837,37.3,2.9924,0.0418,0.0423,0.0423,0.0414,0.0414,0.043,0.0414,0.0418,0.0426,0.0419,0.0426,0.0417,0.6224,0.6167,0.5759,0.6247,0.5272,0.2619,0.3813,0.3424,0.2798,0.2989,0.0419,0.0432,0.7223,0.706,0.6374,0.7152,0.6854,0.2517,0.3896,0.3359,0.2732,0.3352,0.0426,0.0422,0.7194,0.7176,0.651,0.6404,0.6857,0.2014,0.2941,0.2891,0.3173,0.3237,0.0413,0.0424,0.6502,0.5799,0.6258,0.7231,0.6603,0.1582,0.2771,0.3107,0.303,0.2888,0.0414,0.0418,0.753,0.6668,0.6234,0.7055,0.6912,0.1461,0.2772,0.2868,0.2698,0.2616,0.0414,0.0426,0.6687,0.6138,0.6243,0.6806,0.6958,0.2132,0.321,0.2753,0.3131,0.3292,0.0419,0.0433,0.0436,0.0419,0.0425,0.0432,0.0421,0.0417,0.0419,0.0418,0.0432,0.0419,0.0419
37,43197.709,37.2,2.9862,0.0419,0.0424,0.0424,0.0416,0.0417,0.043,0.0413,0.0419,0.0427,0.0417,0.0425,0.0415,0.6259,0.6202,0.5789,0.6305,0.5318,0.2671,0.3933,0.3514,0.2835,0.3075,0.0418,0.043,0.7287,0.7109,0.6416,0.7228,0.6905,0.2572,0.4015,0.345,0.2819,0.3451,0.0426,0.042,0.7262,0.7216,0.6557,0.6467,0.6912,0.2052,0.303,0.2972,0.3265,0.3333,0.0412,0.0423,0.6563,0.5835,0.6287,0.7293,0.6645,0.1614,0.2841,0.3177,0.3124,0.2945,0.0414,0.0418,0.7605,0.6728,0.6255,0.7105,0.6944,0.1503,0.285,0.295,0.2773,0.2679,0.0413,0.0425,0.6745,0.6182,0.6291,0.6864,0.6995,0.2155,0.3297,0.2827,0.3167,0.3368,0.042,0.0432,0.0436,0.042,0.0425,0.0431,0.0421,0.0416,0.0418,0.0418,0.0431,0.0417,0.0418
38,44397.785,37.1,2.9811,0.0419,0.0424,0.0424,0.0415,0.0417,0.043,0.0412,0.0417,0.0427,0.0418,0.0425,0.0417,0.6309,0.6235,0.5827,0.6337,0.5345,0.271,0.403,0.3603,0.2867,0.3138,0.0418,0.0431,0.7309,0.7128,0.6452,0.7257,0.6929,0.26,0.4098,0.3534,0.2876,0.3537,0.0426,0.0422,0.7286,0.7247,0.6583,0.6495,0.6935,0.2064,0.31,0.3042,0.3337,0.3407,0.0413,0.0422,0.6594,0.5868,0.632,0.733,0.6677,0.1627,0.2927,0.3284,0.3201,0.3025,0.0415,0.0419,0.7635,0.6753,0.6303,0.7159,0.6995,0.1496,0.2914,0.3009,0.2802,0.2747,0.0414,0.0426,0.6789,0.6206,0.6314,0.6914,0.7046,0.2187,0.3391,0.2896,0.3182,0.3448,0.042,0.0432,0.0437,0.042,0.0425,0.0431,0.0421,0.0419,0.0418,0.0418,0.0431,0.0418,0.0418
39,45597.632,37.1,2.9871,0.0419,0.0425,0.0423,0.0415,0.0416,0.0432,0.0413,0.0418,0.0427,0.0416,0.0424,0.0417,0.6363,0.6266,0.5866,0.6381,0.5376,0.2751,0.4135,0.3693,0.2905,0.3224,0.0417,0.0431,0.7357,0.717,0.6486,0.731,0.697,0.264,0.4212,0.3622,0.2948,0.3644,0.0425,0.0422,0.7336,0.7287,0.6618,0.6539,0.6977,0.2091,0.3188,0.3121,0.3438,0.3501,0.0414,0.0422,0.6647,0.5904,0.6349,0.7381,0.6716,0.1642,0.3002,0.3363,0.3286,0.3107,0.0416,0.0418,0.7705,0.6802,0.6326,0.7211,0.7026,0.1526,0.2997,0.3089,0.2882,0.2817,0.0416,0.0425,0.6832,0.6246,0.635,0.6954,0.7077,0.2203,0.3482,0.2971,0.3222,0.3533,0.042,0.0435,0.0436,0.042,0.0426,0.0433,0.0421,0.0419,0.0418,0.0417,0.0431,0.0418,0.0417
40,46797.512,37,2.9855,0.0419,0.0425,0.0424,0.0414,0.0414,0.0431,0.0412,0.0418,0.0427,0.0417,0.0425,0.0416,0.6399,0.6297,0.589,0.6421,0.5419,0.2804,0.4238,0.3783,0.2951,0.3316,0.0417,0.0432,0.7403,0.7204,0.6516,0.7348,0.6999,0.2668,0.4312,0.3709,0.3021,0.3736,0.0425,0.042,0.7394,0.7335,0.6654,0.6597,0.703,0.2127,0.3272,0.32,0.3539,0.3588,0.0413,0.0424,0.6704,0.5943,0.639,0.7428,0.6756,0.1666,0.3084,0.3434,0.3387,0.3187,0.0416,0.0418,0.7754,0.6843,0.635,0.7249,0.706,0.1549,0.3072,0.3165,0.2948,0.2886,0.0414,0.0426,0.6871,0.6276,0.6398,0.6997,0.7111,0.2218,0.3562,0.3047,0.3271,0.362,0.0417,0.0433,0.0437,0.042,0.0425,0.0433,0.0421,0.0418,0.0418,0.0417,0.0432,0.0417,0.0418
41,47997.593,37,2.979,0.042,0.0423,0.0423,0.0415,0.0416,0.043,0.0414,0.0419,0.0427,0.0418,0.0426,0.0417,0.6427,0.6329,0.5919,0.6469,0.5446,0.2841,0.4352,0.3877,0.3,0.3381,0.0417,0.0431,0.744,0.7244,0.6552,0.7396,0.7046,0.2716,0.4426,0.3806,0.3109,0.3842,0.0427,0.0421,0.744,0.7369,0.6693,0.663,0.7057,0.2147,0.3352,0.3278,0.3624,0.3665,0.0413,0.0424,0.675,0.5976,0.6425,0.747,0.6799,0.1693,0.3171,0.3519,0.3478,0.3253,0.0416,0.0419,0.779,0.6877,0.6393,0.7298,0.7097,0.1563,0.3145,0.3236,0.3021,0.2957,0.0415,0.0425,0.6903,0.6312,0.6416,0.7034,0.7145,0.223,0.3649,0.3123,0.3308,0.3686,0.0418,0.0434,0.0436,0.0419,0.0426,0.0432,0.0423,0.0419,0.0419,0.0417,0.0432,0.0418,0.0418
42,49197.467,36.9,2.9774,0.042,0.0424,0.0423,0.0415,0.0415,0.0431,0.0413,0.0417,0.0427,0.0418,0.0426,0.0415,0.6448,0.6357,0.5942,0.6497,0.5466,0.2877,0.4453,0.3971,0.3079,0.3464,0.042,0.0432,0.7489,0.7272,0.6585,0.7437,0.7088,0.2752,0.4525,0.3901,0.3191,0.3946,0.0427,0.0421,0.7466,0.739,0.6725,0.6674,0.7085,0.2162,0.3414,0.3352,0.3715,0.3759,0.0413,0.0424,0.6957,0.5999,0.6446,0.7509,0.6823,0.1707,0.3242,0.3603,0.3562,0.3342,0.0414,0.0417,0.7815,0.6893,0.6433,0.7329,0.713,0.1559,0.3222,0.3306,0.3091,0.3032,0.0415,0.0426,0.6933,0.6333,0.6427,0.7066,0.7186,0.2243,0.3738,0.3186,0.3352,0.3795,0.0419,0.0431,0.0435,0.042,0.0425,0.043,0.0421,0.0418,0.0418,0.0418,0.0432,0.0419,0.0418
43,50397.357,37,2.9784,0.0419,0.0424,0.0423,0.0415,0.0414,0.043,0.0412,0.0418,0.0426,0.0417,0.0424,0.0416,0.648,0.6399,0.5978,0.655,0.5507,0.2917,0.4579,0.407,0.3165,0.3551,0.0419,0.0431,0.7535,0.7318,0.6622,0.7491,0.7126,0.2785,0.4644,0.3997,0.3279,0.4044,0.0425,0.0422,0.7518,0.7431,0.6761,0.672,0.7127,0.2194,0.351,0.3438,0.3813,0.384,0.0412,0.0423,0.6836,0.6037,0.6488,0.7571,0.6878,0.1735,0.3336,0.3701,0.3657,0.3423,0.0416,0.0419,0.7874,0.6937,0.6448,0.7373,0.7151,0.1595,0.3287,0.3393,0.3175,0.3084,0.0413,0.0426,0.6977,0.6367,0.6487,0.7128,0.7211,0.2281,0.3838,0.3273,0.3442,0.3851,0.0418,0.0432,0.0436,0.042,0.0426,0.0431,0.0422,0.0419,0.0419,0.0418,0.0431,0.0417,0.0417
44,51597.36,37.1,2.976,0.042,0.0427,0.0424,0.0416,0.0416,0.0431,0.0414,0.0419,0.0428,0.0417,0.0426,0.0416,0.6517,0.643,0.6007,0.6586,0.5537,0.2966,0.469,0.4169,0.3234,0.3638,0.0419,0.0432,0.7566,0.735,0.6648,0.7522,0.7157,0.2809,0.4752,0.4096,0.3363,0.4151,0.0426,0.0423,0.755,0.7469,0.6788,0.6752,0.7157,0.221,0.3588,0.3522,0.3925,0.3935,0.0414,0.0423,0.7002,0.6065,0.6516,0.7604,0.691,0.1755,0.3416,0.3791,0.3772,0.3519,0.0415,0.0419,0.7918,0.6972,0.648,0.7409,0.7189,0.1598,0.3381,0.3464,0.3257,0.3171,0.0415,0.0427,0.7012,0.6402,0.6515,0.7171,0.7248,0.2305,0.3931,0.3353,0.3523,0.3952,0.042,0.0432,0.0436,0.042,0.0426,0.0432,0.0422,0.0419,0.0419,0.0419,0.0431,0.0419,0.0418
45,52797.354,37.2,2.9715,0.042,0.0424,0.0425,0.0417,0.0417,0.0431,0.0413,0.042,0.0427,0.0418,0.0425,0.0415,0.657,0.6456,0.6039,0.6626,0.5571,0.2988,0.4791,0.4268,0.3297,0.3738,0.0419,0.0432,0.7608,0.7384,0.6679,0.756,0.7179,0.2841,0.4859,0.4191,0.3448,0.4257,0.0425,0.0422,0.7584,0.7505,0.6825,0.6792,0.719,0.2223,0.3669,0.3604,0.4019,0.4027,0.0414,0.0424,0.6918,0.6106,0.6555,0.7667,0.6959,0.1785,0.3508,0.3873,0.3893,0.3595,0.0415,0.0418,0.7948,0.7012,0.6516,0.7444,0.7229,0.1606,0.3458,0.3546,0.334,0.325,0.0414,0.0427,0.7044,0.6429,0.6543,0.7201,0.7282,0.2322,0.4028,0.3429,0.3604,0.4051,0.0419,0.0434,0.0436,0.0419,0.0425,0.0432,0.0421,0.0419,0.0418,0.0418,0.0431,0.0418,0.0419
46,53997.204,37.3,2.9672,0.042,0.0424,0.0424,0.0416,0.0415,0.0429,0.0412,0.042,0.0427,0.0417,0.0425,0.0417,0.6603,0.6486,0.6066,0.6664,0.5603,0.3025,0.4907,0.4379,0.3375,0.3824,0.042,0.0432,0.7656,0.7426,0.671,0.761,0.7225,0.2874,0.4985,0.4285,0.3543,0.4372,0.0426,0.0423,0.7632,0.7544,0.6866,0.6844,0.7249,0.2266,0.3781,0.3707,0.4157,0.4162,0.0414,0.0424,0.6945,0.6133,0.6587,0.7694,0.6974,0.1797,0.3591,0.3964,0.3992,0.371,0.0417,0.0419,0.7993,0.7043,0.6544,0.7493,0.7257,0.1627,0.3549,0.364,0.3455,0.3339,0.0415,0.0426,0.7086,0.6463,0.659,0.7257,0.7321,0.2353,0.4124,0.352,0.3707,0.4149,0.0419,0.0434,0.0436,0.042,0.0426,0.0433,0.0423,0.0419,0.0418,0.0419,0.0432,0.0418,0.0418
47,55197.199,37.4,2.96,0.0429,0.0426,0.0424,0.0417,0.0417,0.043,0.0413,0.042,0.0427,0.0417,0.0426,0.0418,0.6641,0.6515,0.6099,0.67,0.5628,0.3058,0.5009,0.4476,0.3452,0.3916,0.0418,0.0431,0.7685,0.7452,0.6733,0.7637,0.7244,0.2896,0.5076,0.4391,0.3631,0.4479,0.0425,0.0422,0.7678,0.7578,0.6903,0.688,0.7286,0.2286,0.3872,0.3795,0.4256,0.4249,0.0413,0.0423,0.6987,0.6166,0.6624,0.7734,0.7017,0.182,0.369,0.4078,0.4125,0.3795,0.0415,0.0419,0.8027,0.7082,0.6584,0.7524,0.7297,0.1627,0.3633,0.3716,0.3542,0.3423,0.0415,0.0426,0.712,0.6501,0.6613,0.729,0.7359,0.2379,0.4223,0.3603,0.3815,0.4247,0.0418,0.0433,0.0437,0.0421,0.0425,0.0433,0.0423,0.0419,0.0419,0.0417,0.0432,0.0419,0.0418
48,56397.182,37.3,2.9716,0.0429,0.0425,0.0424,0.0417,0.0419,0.0432,0.0413,0.042,0.0428,0.0417,0.0425,0.0416,0.6665,0.6563,0.614,0.6756,0.5677,0.3102,0.515,0.4615,0.355,0.4034,0.0419,0.0431,0.7752,0.7504,0.6786,0.7699,0.73,0.2958,0.5229,0.45,0.3755,0.4622,0.0426,0.0423,0.7721,0.7632,0.6936,0.692,0.7325,0.2316,0.3979,0.3897,0.4394,0.4379,0.0413,0.0424,0.703,0.6203,0.6659,0.7789,0.705,0.185,0.3788,0.4154,0.4255,0.389,0.0415,0.0418,0.807,0.7123,0.6612,0.757,0.7348,0.1652,0.3737,0.3824,0.365,0.3526,0.0414,0.0426,0.7159,0.6531,0.6647,0.7318,0.7402,0.2394,0.4319,0.3687,0.392,0.4361,0.0419,0.0434,0.0437,0.042,0.0426,0.0434,0.0423,0.0417,0.042,0.0419,0.0432,0.0419,0.042
49,57597.041,37.5,2.9523,0.0429,0.0426,0.0422,0.0417,0.0416,0.043,0.0413,0.042,0.0428,0.0417,0.0426,0.0416,0.6672,0.6589,0.6162,0.6787,0.5698,0.3135,0.525,0.4699,0.3661,0.4127,0.0418,0.0432,0.7791,0.7532,0.6815,0.7733,0.7335,0.299,0.5317,0.4601,0.386,0.4709,0.0426,0.0422,0.7756,0.7646,0.6975,0.6966,0.7366,0.2339,0.407,0.3992,0.4501,0.4471,0.0414,0.0424,0.7073,0.6233,0.6692,0.783,0.7097,0.1869,0.3879,0.4271,0.4369,0.3979,0.0415,0.0418,0.8112,0.7162,0.6633,0.7608,0.7369,0.1682,0.3816,0.3911,0.3763,0.3598,0.0416,0.0425,0.7188,0.6566,0.6682,0.7373,0.7433,0.2432,0.4419,0.3774,0.4027,0.444,0.0418,0.0435,0.0437,0.042,0.0426,0.0432,0.0423,0.042,0.042,0.0418,0.0431,0.0418,0.0419
50,58797.075,37.5,2.9607,0.0429,0.0426,0.0422,0.0416,0.0417,0.043,0.0413,0.0418,0.0428,0.0417,0.0427,0.0417,0.6711,0.6622,0.6197,0.6836,0.5738,0.3167,0.5354,0.48,0.3732,0.4224,0.0418,0.0431,0.7814,0.7568,0.6848,0.7772,0.7363,0.3008,0.5424,0.47,0.3957,0.4817,0.0427,0.0422,0.7798,0.7696,0.701,0.6996,0.7407,0.2357,0.416,0.4078,0.4618,0.4571,0.0414,0.0424,0.7161,0.6276,0.6733,0.7881,0.7137,0.1892,0.3973,0.4353,0.4495,0.4072,0.0416,0.0419,0.8145,0.7196,0.666,0.7647,0.7408,0.1682,0.3899,0.3988,0.385,0.3671,0.0415,0.0425,0.7216,0.6599,0.6722,0.7408,0.7475,0.2449,0.4507,0.3856,0.4131,0.4551,0.0419,0.0433,0.0437,0.042,0.0426,0.0432,0.0422,0.0418,0.0419,0.0418,0.0432,0.0418,0.0419
51,59996.818,37.6,2.9474,0.0428,0.0426,0.0426,0.0417,0.0418,0.043,0.0413,0.0419,0.0427,0.0417,0.0426,0.0416,0.6747,0.6655,0.6225,0.6859,0.5758,0.3187,0.5436,0.4888,0.3822,0.431,0.0418,0.0432,0.784,0.7605,0.6872,0.7809,0.7397,0.3031,0.551,0.4793,0.4062,0.4915,0.0427,0.0423,0.7819,0.7728,0.7041,0.7029,0.7436,0.2368,0.4245,0.4162,0.473,0.4668,0.0414,0.0425,0.7143,0.6309,0.6762,0.7916,0.717,0.1911,0.4052,0.4447,0.4636,0.4155,0.0415,0.0418,0.8168,0.7223,0.6715,0.7684,0.7458,0.167,0.3975,0.4065,0.3935,0.377,0.0414,0.0426,0.7248,0.6629,0.6746,0.7437,0.7515,0.2459,0.4588,0.3936,0.4229,0.4655,0.0418,0.0435,0.0437,0.0421,0.0426,0.0433,0.0423,0.0419,0.0421,0.0418,0.0432,0.0419,0.0419
52,61196.782,37.8,2.9424,0.0429,0.0425,0.0423,0.0415,0.0416,0.0431,0.0413,0.0419,0.0427,0.0417,0.0426,0.0417,0.6784,0.6683,0.6249,0.6887,0.5791,0.3219,0.5523,0.4974,0.3904,0.4395,0.0417,0.0432,0.7872,0.7641,0.6906,0.7854,0.744,0.3053,0.5616,0.4886,0.4165,0.5025,0.0425,0.0422,0.7841,0.7768,0.7077,0.7056,0.7461,0.2377,0.4325,0.4238,0.4841,0.4765,0.0413,0.0424,0.7149,0.6326,0.6784,0.793,0.7183,0.1914,0.4119,0.4534,0.4724,0.4266,0.0416,0.0418,0.8205,0.7255,0.6739,0.7728,0.7483,0.1702,0.4055,0.416,0.4058,0.3843,0.0416,0.0427,0.7271,0.6666,0.6775,0.7471,0.7553,0.2482,0.4672,0.4009,0.4329,0.4734,0.0418,0.0434,0.0438,0.042,0.0426,0.0432,0.0423,0.0419,0.042,0.0418,0.0431,0.0418,0.0418
53,62395.84,37.8,2.9391,0.0429,0.0425,0.0423,0.0416,0.0416,0.043,0.0412,0.0419,0.0427,0.0417,0.0426,0.0417,0.6816,0.6707,0.6285,0.692,0.582,0.3243,0.5607,0.5052,0.3988,0.448,0.0417,0.0431,0.7896,0.7662,0.6937,0.7881,0.7464,0.3065,0.5691,0.4964,0.4258,0.5104,0.0427,0.0422,0.7873,0.7804,0.7105,0.7089,0.7498,0.2397,0.4413,0.4319,0.4947,0.4855,0.0413,0.0425,0.7194,0.636,0.6821,0.7973,0.7227,0.1927,0.4208,0.4612,0.4838,0.4347,0.0415,0.0418,0.8228,0.7284,0.678,0.7759,0.7526,0.1691,0.4129,0.4225,0.4137,0.393,0.0414,0.0426,0.7296,0.6691,0.68,0.7496,0.7596,0.2488,0.4746,0.4074,0.4427,0.4823,0.0417,0.0432,0.0436,0.0421,0.0428,0.0433,0.0423,0.0419,0.0418,0.0417,0.0431,0.0418,0.0418
54,63596.667,37.9,2.9375,0.0427,0.0426,0.0424,0.0417,0.0418,0.0431,0.0413,0.042,0.0428,0.0419,0.0427,0.0418,0.6851,0.6728,0.6307,0.6944,0.584,0.3252,0.5669,0.5122,0.4072,0.4552,0.0419,0.0432,0.7896,0.769,0.6963,0.7914,0.7488,0.3073,0.5759,0.5043,0.4342,0.5186,0.0427,0.0423,0.7894,0.784,0.7141,0.7124,0.7528,0.2403,0.4485,0.4394,0.5068,0.4954,0.0413,0.0426,0.7208,0.6387,0.6851,0.8001,0.7255,0.1935,0.4279,0.4689,0.4942,0.4425,0.0417,0.0418,0.8239,0.7311,0.6816,0.7797,0.7562,0.1693,0.4208,0.4307,0.4244,0.4013,0.0416,0.0427,0.7328,0.6728,0.6828,0.7531,0.764,0.2498,0.4808,0.413,0.4509,0.4896,0.042,0.0434,0.0438,0.0422,0.0428,0.0432,0.0422,0.0419,0.042,0.0419,0.0433,0.0419,0.0418
55,64796.642,37.9,2.9555,0.043,0.0424,0.0423,0.0416,0.0416,0.043,0.0413,0.0419,0.0428,0.0417,0.0426,0.0415,0.6868,0.676,0.6342,0.6976,0.5863,0.3259,0.574,0.5187,0.416,0.4626,0.0418,0.0431,0.7931,0.7717,0.6998,0.795,0.7521,0.3081,0.5832,0.5125,0.4448,0.527,0.0426,0.0423,0.7924,0.7868,0.7178,0.7157,0.7561,0.2414,0.455,0.447,0.516,0.5021,0.0412,0.0423,0.722,0.6421,0.688,0.8025,0.7278,0.194,0.4349,0.4773,0.5033,0.4512,0.0415,0.0418,0.8257,0.7343,0.6855,0.7828,0.7602,0.1676,0.427,0.4362,0.431,0.4068,0.0416,0.0427,0.7351,0.6768,0.6846,0.7569,0.7674,0.2508,0.4883,0.4193,0.4592,0.4963,0.042,0.0432,0.0437,0.0421,0.0427,0.0433,0.0422,0.0419,0.0418,0.0418,0.0432,0.0418,0.0418
56,65996.572,37.9,2.9541,0.0432,0.0424,0.0424,0.0416,0.0416,0.043,0.0411,0.0417,0.0426,0.0417,0.0427,0.0416,0.6888,0.6802,0.6371,0.7027,0.5904,0.3282,0.5824,0.5268,0.4256,0.4709,0.0419,0.0432,0.7976,0.777,0.704,0.8001,0.7569,0.3121,0.5923,0.5197,0.4548,0.5356,0.0425,0.0421,0.7953,0.7907,0.7205,0.7199,0.7609,0.2441,0.4628,0.4539,0.5264,0.5103,0.0412,0.0424,0.7273,0.6455,0.6917,0.8073,0.7325,0.1963,0.4426,0.484,0.5152,0.4566,0.0417,0.0418,0.8294,0.7394,0.6871,0.7863,0.762,0.1727,0.4335,0.444,0.443,0.4127,0.0416,0.0427,0.7377,0.6796,0.6896,0.7617,0.77,0.2535,0.4937,0.4263,0.47,0.5029,0.042,0.0434,0.0437,0.0421,0.0426,0.0433,0.0424,0.0418,0.0418,0.0417,0.0431,0.0417,0.0418
57,67196.558,37.7,2.9608,0.0431,0.0425,0.0423,0.0416,0.0416,0.0432,0.0415,0.0419,0.0428,0.0417,0.0425,0.0415,0.6922,0.6833,0.6404,0.7063,0.5935,0.3298,0.5888,0.5328,0.4317,0.4763,0.0419,0.0433,0.798,0.7792,0.7062,0.8027,0.7586,0.3122,0.5977,0.5266,0.4633,0.5417,0.0426,0.0421,0.7986,0.7945,0.7248,0.7249,0.7649,0.2452,0.4693,0.4602,0.5352,0.518,0.0413,0.0424,0.7285,0.6487,0.694,0.8099,0.7346,0.1961,0.4477,0.4907,0.5227,0.4645,0.0414,0.0419,0.8307,0.7417,0.6923,0.7909,0.7672,0.1706,0.4386,0.4485,0.4488,0.4188,0.0416,0.0425,0.7387,0.682,0.6919,0.7637,0.7735,0.2537,0.4997,0.4311,0.4766,0.5088,0.042,0.0432,0.0436,0.042,0.0428,0.0433,0.0421,0.0419,0.0419,0.0419,0.0432,0.0418,0.0418
58,68396.409,37.5,2.9519,0.0428,0.0424,0.0423,0.0415,0.0414,0.043,0.0412,0.0419,0.0427,0.0417,0.0424,0.0416,0.6929,0.6859,0.6432,0.7099,0.5959,0.3311,0.5939,0.5385,0.4403,0.4826,0.0419,0.0432,0.8014,0.7824,0.7093,0.8062,0.762,0.313,0.6032,0.5322,0.4707,0.5479,0.0426,0.0421,0.7997,0.7966,0.7264,0.7269,0.7672,0.2454,0.4745,0.4649,0.5428,0.5236,0.0412,0.0423,0.7307,0.6511,0.6973,0.8135,0.7377,0.1965,0.4525,0.4947,0.53,0.47,0.0414,0.0417,0.8339,0.7445,0.6936,0.7931,0.7696,0.172,0.4432,0.4535,0.4573,0.4243,0.0416,0.0426,0.7411,0.6851,0.6954,0.7669,0.7765,0.2543,0.5044,0.4357,0.4834,0.5144,0.0421,0.0435,0.0438,0.042,0.0426,0.0432,0.0422,0.042,0.0419,0.0417,0.0432,0.0418,0.0418
59,69595.431,37.3,2.9472,0.0429,0.0426,0.0423,0.0415,0.0415,0.0431,0.0414,0.042,0.0427,0.0417,0.0425,0.0417,0.6951,0.6886,0.6454,0.7115,0.5965,0.3313,0.5964,0.5415,0.4441,0.4859,0.0419,0.0431,0.8035,0.7856,0.7125,0.8081,0.7645,0.3141,0.6086,0.5371,0.4768,0.552,0.0427,0.0423,0.7999,0.7992,0.7293,0.7286,0.7682,0.2444,0.4765,0.4681,0.5474,0.526,0.0414,0.0423,0.7306,0.653,0.6997,0.8166,0.7399,0.1969,0.4573,0.5014,0.5366,0.4751,0.0416,0.042,0.8352,0.7474,0.6973,0.7958,0.7732,0.1713,0.4456,0.4575,0.4618,0.4267,0.0416,0.0426,0.7426,0.6872,0.6967,0.7693,0.7792,0.2551,0.5085,0.4394,0.4893,0.5172,0.0419,0.0434,0.0438,0.0421,0.0426,0.0433,0.0423,0.0419,0.042,0.0418,0.0432,0.0418,0.0419
60,70796.405,37.3,2.9451,0.0429,0.0426,0.0425,0.0417,0.0416,0.0431,0.0414,0.042,0.0428,0.0418,0.0426,0.0417,0.6946,0.6897,0.6476,0.7129,0.5975,0.3301,0.5991,0.5448,0.4515,0.49,0.0418,0.0431,0.8039,0.7875,0.7152,0.8107,0.7686,0.3158,0.6134,0.5421,0.4849,0.557,0.0426,0.0422,0.8002,0.8004,0.7316,0.7317,0.7706,0.2446,0.48,0.4729,0.5528,0.5306,0.0414,0.0424,0.7314,0.6552,0.7024,0.8197,0.743,0.1975,0.4621,0.5045,0.5441,0.4769,0.0414,0.0418,0.8357,0.7489,0.7002,0.7992,0.7758,0.171,0.4491,0.4616,0.4675,0.4313,0.0416,0.0427,0.7432,0.6898,0.6984,0.7716,0.7821,0.2552,0.512,0.4434,0.4944,0.5224,0.0419,0.0433,0.0438,0.0419,0.0427,0.0433,0.0422,0.0418,0.0418,0.0419,0.0432,0.0418,0.0418
61,71996.354,36.5,2.9436,0.0431,0.0426,0.0423,0.0416,0.0416,0.0431,0.0413,0.0418,0.0428,0.0417,0.0426,0.0416,0.6967,0.6927,0.6495,0.7159,0.6013,0.3317,0.6038,0.5492,0.4562,0.4953,0.0419,0.0431,0.8045,0.7894,0.7168,0.8128,0.7707,0.315,0.6165,0.5448,0.4878,0.562,0.0426,0.0422,0.8035,0.804,0.7343,0.7362,0.7756,0.2467,0.4854,0.4776,0.5607,0.5374,0.0411,0.0424,0.7329,0.6575,0.7045,0.8223,0.746,0.1983,0.4652,0.5075,0.5498,0.4805,0.0416,0.0418,0.8362,0.7514,0.7021,0.8009,0.778,0.1714,0.4531,0.4652,0.472,0.4354,0.0415,0.0426,0.7452,0.6923,0.7025,0.775,0.785,0.2565,0.5144,0.4473,0.5005,0.5272,0.0419,0.0433,0.0436,0.0421,0.0426,0.0431,0.0421,0.0417,0.0417,0.0419,0.0432,0.0418,0.0417
62,73196.188,36.6,2.9362,0.0429,0.0425,0.0424,0.0416,0.0415,0.043,0.0413,0.0419,0.0427,0.0418,0.0427,0.0415,0.6999,0.6939,0.6514,0.718,0.6032,0.3318,0.6064,0.5521,0.4587,0.4971,0.042,0.0433,0.8055,0.7923,0.7192,0.8156,0.7722,0.3142,0.6195,0.5479,0.4917,0.5653,0.0425,0.0423,0.8038,0.8076,0.7363,0.7356,0.7755,0.2441,0.4861,0.4794,0.5642,0.5402,0.0414,0.0425,0.7362,0.6604,0.7072,0.825,0.7495,0.1986,0.4696,0.5118,0.5555,0.4848,0.0414,0.0419,0.8376,0.7532,0.7053,0.8035,0.781,0.1701,0.4567,0.4681,0.4766,0.4393,0.0415,0.0427,0.746,0.6945,0.7028,0.7758,0.7883,0.2557,0.5191,0.4497,0.5062,0.529,0.0418,0.0433,0.0437,0.0419,0.0426,0.0433,0.0422,0.0419,0.0419,0.0419,0.0433,0.0418,0.042
63,74396.142,36.5,2.9343,0.0428,0.0424,0.0423,0.0415,0.0415,0.0429,0.0412,0.0417,0.0426,0.0416,0.0427,0.0416,0.7028,0.6964,0.6537,0.7206,0.6052,0.3323,0.6098,0.5572,0.4632,0.5018,0.0418,0.0431,0.8078,0.7952,0.7216,0.8183,0.7761,0.3145,0.6239,0.553,0.4994,0.5719,0.0426,0.0423,0.8068,0.8101,0.7395,0.7387,0.7796,0.2461,0.4921,0.4856,0.5716,0.5468,0.0412,0.0423,0.7379,0.6628,0.7094,0.8273,0.7528,0.1989,0.4747,0.5161,0.5615,0.4899,0.0416,0.0418,0.841,0.7575,0.7076,0.8071,0.7849,0.1717,0.4616,0.4736,0.4836,0.4442,0.0415,0.0425,0.747,0.6965,0.7054,0.7783,0.7913,0.2554,0.5237,0.4539,0.5124,0.5364,0.0419,0.0432,0.0436,0.042,0.0426,0.0432,0.0422,0.0419,0.0418,0.0418,0.0433,0.0417,0.0417
64,75596.132,36.5,2.9362,0.0431,0.0425,0.0423,0.0416,0.0416,0.043,0.0413,0.0419,0.0427,0.0417,0.0425,0.0416,0.7038,0.6993,0.6565,0.7239,0.6088,0.3326,0.6147,0.5619,0.4694,0.5066,0.0419,0.0432,0.8085,0.7974,0.724,0.8198,0.7783,0.3143,0.6274,0.557,0.5033,0.576,0.0426,0.0422,0.808,0.8126,0.7415,0.7404,0.7812,0.2455,0.4957,0.4892,0.5767,0.5504,0.0413,0.0423,0.7382,0.665,0.7116,0.8294,0.7535,0.1983,0.4774,0.5215,0.5667,0.4964,0.0415,0.0419,0.8407,0.759,0.7114,0.809,0.7883,0.1688,0.4641,0.4764,0.4865,0.4491,0.0416,0.0426,0.749,0.6986,0.7076,0.7799,0.7942,0.2553,0.5269,0.458,0.5189,0.5413,0.0418,0.0432,0.0437,0.0422,0.0427,0.0432,0.0423,0.0419,0.0418,0.0417,0.0433,0.0417,0.0419
65,76796.107,36.4,2.9253,0.043,0.0424,0.0424,0.0417,0.0416,0.0432,0.0414,0.042,0.0429,0.0417,0.0427,0.0416,0.7047,0.7015,0.6585,0.7258,0.611,0.3326,0.6183,0.566,0.4734,0.5108,0.0421,0.0432,0.8116,0.8001,0.7266,0.8232,0.7814,0.3159,0.6323,0.561,0.5091,0.581,0.0427,0.0422,0.8105,0.816,0.7448,0.7431,0.7845,0.2464,0.4998,0.4938,0.581,0.5545,0.0414,0.0424,0.7415,0.6671,0.7141,0.8331,0.7577,0.1993,0.4827,0.5254,0.5731,0.499,0.0415,0.0419,0.8436,0.7623,0.7133,0.8116,0.7896,0.171,0.4678,0.4813,0.4928,0.4519,0.0417,0.0428,0.7506,0.7018,0.7109,0.7838,0.7964,0.2558,0.53,0.4616,0.5232,0.5443,0.042,0.0433,0.0436,0.0421,0.0427,0.0433,0.0423,0.0419,0.0419,0.042,0.0434,0.042,0.0418
66,77995.947,36.2,2.92,0.043,0.0425,0.0423,0.0416,0.0417,0.0429,0.0412,0.0418,0.0428,0.0418,0.0427,0.0417,0.7063,0.7046,0.6607,0.7286,0.6138,0.3325,0.622,0.5696,0.4779,0.5143,0.0419,0.0432,0.8139,0.8039,0.7295,0.8268,0.784,0.3162,0.6355,0.5652,0.5136,0.5848,0.0427,0.0423,0.8125,0.819,0.7469,0.7465,0.7884,0.2471,0.5049,0.4977,0.5867,0.5578,0.0414,0.0424,0.7428,0.6703,0.7173,0.8357,0.7601,0.1994,0.4859,0.5299,0.5765,0.5034,0.0416,0.0419,0.8454,0.7647,0.7155,0.8143,0.7937,0.1705,0.4698,0.4835,0.4951,0.4546,0.0416,0.0427,0.7522,0.7041,0.7143,0.787,0.799,0.2566,0.5342,0.4652,0.5269,0.5466,0.042,0.0434,0.0438,0.0421,0.0427,0.0433,0.0424,0.0419,0.0419,0.0418,0.0433,0.0418,0.0419
67,79195.905,36.3,2.9146,0.0429,0.0425,0.0422,0.0415,0.0415,0.043,0.0413,0.0417,0.0428,0.0418,0.0427,0.0415,0.7067,0.7063,0.6631,0.7306,0.6147,0.3321,0.6249,0.5723,0.4816,0.5179,0.0419,0.0432,0.8164,0.8065,0.7329,0.8284,0.7869,0.3182,0.6401,0.5689,0.5191,0.5893,0.0426,0.0421,0.8129,0.8205,0.7494,0.7486,0.7895,0.2469,0.5065,0.5002,0.5888,0.5612,0.0413,0.0424,0.7515,0.6718,0.7189,0.8376,0.7614,0.1986,0.4887,0.5338,0.5793,0.5067,0.0416,0.0419,0.8462,0.7665,0.7182,0.816,0.7952,0.1705,0.4723,0.487,0.4995,0.4574,0.0415,0.0427,0.7548,0.7063,0.7161,0.789,0.8012,0.2568,0.5358,0.4675,0.532,0.5504,0.0419,0.0433,0.0437,0.042,0.0426,0.0432,0.0422,0.0419,0.0418,0.0418,0.0433,0.0417,0.0418
68,80394.903,36.1,2.9071,0.043,0.0425,0.0424,0.0415,0.0416,0.0432,0.0413,0.0419,0.0428,0.0417,0.0425,0.0416,0.7076,0.7085,0.6658,0.7327,0.6175,0.3328,0.6287,0.5759,0.4855,0.5215,0.0419,0.0432,0.8176,0.8088,0.7343,0.8312,0.7892,0.3174,0.6427,0.5722,0.5214,0.5921,0.0425,0.0421,0.8169,0.8235,0.7531,0.7534,0.7948,0.2483,0.5093,0.5052,0.5925,0.5654,0.0412,0.0422,0.7458,0.6743,0.7224,0.841,0.7656,0.1996,0.4921,0.5369,0.5846,0.5086,0.0416,0.0416,0.8486,0.7695,0.7208,0.8188,0.7977,0.1717,0.4754,0.4903,0.5041,0.4606,0.0414,0.0425,0.7564,0.7094,0.7193,0.7917,0.8036,0.2573,0.5384,0.471,0.5354,0.5538,0.0418,0.0437,0.0436,0.0421,0.0425,0.043,0.0421,0.0419,0.0418,0.0417,0.0433,0.0418,0.0418
69,81595.733,36.5,2.9205,0.0429,0.0426,0.0423,0.0414,0.0415,0.0429,0.0412,0.0419,0.0427,0.0418,0.0427,0.0417,0.7102,0.7104,0.668,0.7353,0.6208,0.3335,0.6316,0.5791,0.4875,0.5242,0.0417,0.0431,0.8189,0.811,0.7365,0.8334,0.7919,0.3165,0.6446,0.5739,0.5226,0.5949,0.0426,0.0421,0.8169,0.8262,0.7547,0.7529,0.795,0.2476,0.5118,0.5068,0.5966,0.5685,0.0412,0.0423,0.7471,0.6763,0.7243,0.8427,0.7679,0.2,0.4939,0.5389,0.5872,0.5125,0.0415,0.0418,0.8505,0.7715,0.7227,0.8202,0.7994,0.1717,0.479,0.4939,0.5076,0.4649,0.0414,0.0425,0.7579,0.7111,0.7221,0.7938,0.8073,0.2569,0.5413,0.4734,0.5391,0.5579,0.0418,0.0438,0.0438,0.042,0.0425,0.0431,0.0422,0.0418,0.0418,0.0417,0.0433,0.0418,0.0419
70,82795.736,36.8,2.9144,0.0429,0.0424,0.0424,0.0416,0.0416,0.043,0.0413,0.0418,0.0427,0.0417,0.0428,0.0417,0.7131,0.7127,0.6695,0.7374,0.6229,0.3342,0.6355,0.5833,0.4898,0.5273,0.0419,0.0433,0.82,0.8123,0.739,0.8354,0.7935,0.316,0.6472,0.5777,0.524,0.598,0.0426,0.0423,0.8198,0.8294,0.7578,0.7559,0.7988,0.2489,0.5158,0.5112,0.6007,0.5737,0.0412,0.0424,0.7484,0.6792,0.7264,0.8455,0.7702,0.2003,0.4967,0.5422,0.5909,0.5163,0.0415,0.042,0.8534,0.7759,0.7245,0.8234,0.8017,0.1741,0.482,0.4993,0.5126,0.4684,0.0416,0.0426,0.7586,0.7133,0.7242,0.7956,0.8103,0.2567,0.5439,0.4755,0.5415,0.5608,0.0419,0.0439,0.0439,0.042,0.0427,0.0433,0.0423,0.0419,0.0419,0.0418,0.0432,0.0418,0.0419
71,83995.802,37,2.9164,0.0429,0.0425,0.0422,0.0416,0.0416,0.0431,0.0414,0.042,0.0427,0.0418,0.0426,0.0416,0.7134,0.7166,0.6733,0.7425,0.627,0.3348,0.6402,0.589,0.4954,0.5324,0.0421,0.0432,0.8257,0.8177,0.7428,0.8397,0.7995,0.3195,0.6542,0.5822,0.5311,0.6058,0.0427,0.0422,0.8224,0.832,0.7603,0.7593,0.8018,0.2495,0.5195,0.5146,0.604,0.5789,0.0414,0.0425,0.7514,0.6814,0.7292,0.8491,0.7744,0.2012,0.5007,0.5446,0.5957,0.5179,0.0416,0.0419,0.8559,0.7784,0.727,0.8262,0.8053,0.1747,0.4854,0.5027,0.5166,0.4725,0.0414,0.0426,0.7604,0.7154,0.7265,0.7986,0.8128,0.2569,0.5464,0.4796,0.5476,0.5663,0.0419,0.0439,0.0438,0.0421,0.0426,0.0434,0.0421,0.042,0.0419,0.0419,0.0432,0.0418,0.0417
72,85195.655,37.2,2.9082,0.043,0.0423,0.0425,0.0415,0.0417,0.0431,0.0413,0.042,0.0428,0.0418,0.0425,0.0416,0.7174,0.7181,0.6747,0.744,0.6291,0.3357,0.6434,0.5926,0.4961,0.5365,0.0419,0.0431,0.8255,0.8191,0.7443,0.8411,0.8001,0.317,0.656,0.5849,0.5312,0.6095,0.0427,0.0424,0.8251,0.8363,0.7634,0.7619,0.8058,0.25,0.5234,0.5187,0.6096,0.5849,0.0414,0.0422,0.7541,0.6845,0.7318,0.8512,0.777,0.2016,0.504,0.5471,0.5995,0.5232,0.0416,0.0417,0.8566,0.7808,0.7305,0.8284,0.8096,0.1726,0.4899,0.5066,0.5201,0.4779,0.0417,0.0426,0.762,0.718,0.7286,0.8005,0.817,0.2565,0.5504,0.4829,0.5501,0.5713,0.0418,0.0438,0.0437,0.042,0.0427,0.0433,0.0421,0.0418,0.0418,0.0419,0.0432,0.0418,0.0418
73,86395.502,37.2,2.9071,0.0428,0.0426,0.0423,0.0415,0.0416,0.043,0.0412,0.0417,0.0426,0.0416,0.0426,0.0415,0.718,0.7205,0.6768,0.7453,0.6304,0.3348,0.6458,0.5949,0.499,0.5396,0.0418,0.0433,0.8287,0.8216,0.7472,0.8434,0.8027,0.3182,0.6594,0.5891,0.5355,0.613,0.0426,0.0421,0.8276,0.8371,0.766,0.7643,0.8081,0.251,0.5267,0.5233,0.612,0.5874,0.0413,0.0423,0.7559,0.6864,0.7341,0.8537,0.7791,0.2014,0.5066,0.5518,0.6015,0.5268,0.0415,0.0417,0.8593,0.7834,0.732,0.8301,0.8115,0.1732,0.4919,0.5095,0.5234,0.4795,0.0415,0.0426,0.7641,0.7213,0.7311,0.8033,0.8191,0.257,0.5536,0.4854,0.5541,0.5724,0.0418,0.0437,0.0437,0.042,0.0427,0.0432,0.0421,0.0418,0.0419,0.0418,0.0431,0.0418,0.0416
,,,,,,,,,,,,,,,,,,,,,,,,,,,,,,,,,,,,,,,,,,,,,,,,,,,,,,,,,,,,,,,,,,,,,,,,,,,,,,,,,,,,,,,,,,,,,,,,,,
End Time,,,,6/10/2020 12:05,,,,,,,,,,,,,,,,,,,,,,,,,,,,,,,,,,,,,,,,,,,,,,,,,,,,,,,,,,,,,,,,,,,,,,,,,,,,,,,,,,,,,,,,,,,,,,
,,,,,,,,,,,,,,,,,,,,,,,,,,,,,,,,,,,,,,,,,,,,,,,,,,,,,,,,,,,,,,,,,,,,,,,,,,,,,,,,,,,,,,,,,,,,,,,,,,
,,,,,,,,,,,,,,,,,,,,,,,,,,,,,,,,,,,,,,,,,,,,,,,,,,,,,,,,,,,,,,,,,,,,,,,,,,,,,,,,,,,,,,,,,,,,,,,,,,
Error,"An error occurred during the method execution: 'The given command ""PREPARE REFERENCE=YES"", executed with sequence number 103, led to the error ""Error 31 occured at 86745667. Module ABS with number 1 had an error"".'.",,,,,,,,,,,,,,,,,,,,,,,,,,,,,,,,,,,,,,,,,,,,,,,,,,,,,,,,,,,,,,,,,,,,,,,,,,,,,,,,,,,,,,,,,,,,,,,,,
