Well positions,,,,,,,,,,,,,,,,,,,,,,,,,,,,,,,,,,,,,,,,,,,,,,,,,,,,,,,,,,,,,,,,,,,,,,,,,,,,,,,,,,,,,,,,,,,,,,,,,
Measurement data,,,,,,,,,,,,,,,,,,,,,,,,,,,,,,,,,,,,,,,,,,,,,,,,,,,,,,,,,,,,,,,,,,,,,,,,,,,,,,,,,,,,,,,,,,,,,,,,,
,,A1,A2,A3,A4,A5,A6,A7,A8,A9,A10,A11,A12,B1,B2,B3,B4,B5,B6,B7,B8,B9,B10,B11,B12,C1,C2,C3,C4,C5,C6,C7,C8,C9,C10,C11,C12,D1,D2,D3,D4,D5,D6,D7,D8,D9,D10,D11,D12,E1,E2,E3,E4,E5,E6,E7,E8,E9,E10,E11,E12,F1,F2,F3,F4,F5,F6,F7,F8,F9,F10,F11,F12,G1,G2,G3,G4,G5,G6,G7,G8,G9,G10,G11,G12,H1,H2,H3,H4,H5,H6,H7,H8,H9,H10,H11,H12
0s,26.7 °C,0.067,0.066,0.066,0.066,0.066,0.066,0.065,0.065,0.065,0.064,0.066,0.063,0.066,0.102,0.098,0.105,0.099,0.093,0.102,0.094,0.098,0.122,0.108,0.064,0.066,0.102,0.101,0.102,0.101,0.098,0.098,0.094,0.096,0.101,0.102,0.064,0.066,0.109,0.105,0.104,0.105,0.102,0.103,0.103,0.107,0.114,0.109,0.065,0.067,0.105,0.099,0.105,0.105,0.104,0.101,0.103,0.098,0.105,0.105,0.064,0.067,0.107,0.105,0.106,0.103,0.097,0.103,0.102,0.099,0.113,0.107,0.064,0.07,0.112,0.109,0.109,0.108,0.112,0.106,0.104,0.107,0.093,0.115,0.064,0.066,0.066,0.066,0.066,0.066,0.066,0.065,0.065,0.065,0.065,0.064,0.064
3605s,27.6 °C,0.07,0.066,0.066,0.066,0.066,0.066,0.065,0.066,0.066,0.065,0.069,0.065,0.067,0.104,0.099,0.105,0.102,0.094,0.101,0.094,0.1,0.098,0.107,0.065,0.067,0.104,0.103,0.107,0.103,0.096,0.099,0.096,0.097,0.1,0.103,0.065,0.066,0.109,0.107,0.107,0.104,0.1,0.102,0.101,0.105,0.105,0.111,0.066,0.068,0.106,0.101,0.107,0.105,0.102,0.102,0.1,0.099,0.105,0.102,0.065,0.069,0.109,0.108,0.107,0.106,0.097,0.104,0.103,0.1,0.11,0.104,0.063,0.069,0.116,0.111,0.111,0.109,0.112,0.112,0.106,0.109,0.089,0.11,0.062,0.066,0.066,0.067,0.067,0.066,0.065,0.066,0.065,0.066,0.065,0.066,0.066
7205s,27.8 °C,0.074,0.067,0.067,0.067,0.067,0.066,0.066,0.066,0.067,0.067,0.072,0.066,0.068,0.105,0.1,0.106,0.104,0.096,0.102,0.096,0.101,0.088,0.115,0.066,0.067,0.106,0.104,0.108,0.107,0.098,0.1,0.099,0.099,0.099,0.11,0.065,0.067,0.11,0.109,0.109,0.109,0.104,0.104,0.104,0.107,0.102,0.12,0.067,0.068,0.108,0.103,0.109,0.11,0.106,0.104,0.102,0.102,0.104,0.108,0.065,0.068,0.111,0.109,0.108,0.11,0.099,0.106,0.105,0.104,0.112,0.109,0.064,0.068,0.118,0.112,0.113,0.114,0.117,0.113,0.109,0.112,0.084,0.115,0.062,0.069,0.067,0.068,0.068,0.067,0.066,0.067,0.067,0.066,0.066,0.066,0.067
10805s,27.6 °C,0.077,0.067,0.067,0.067,0.068,0.067,0.067,0.067,0.067,0.066,0.072,0.067,0.07,0.107,0.101,0.107,0.111,0.1,0.104,0.1,0.105,0.084,0.127,0.066,0.067,0.108,0.106,0.11,0.116,0.101,0.104,0.103,0.103,0.1,0.12,0.066,0.068,0.113,0.111,0.111,0.116,0.108,0.107,0.109,0.112,0.103,0.131,0.067,0.07,0.111,0.106,0.111,0.119,0.111,0.107,0.107,0.106,0.105,0.116,0.066,0.069,0.113,0.112,0.109,0.116,0.103,0.11,0.11,0.107,0.116,0.117,0.064,0.071,0.121,0.114,0.114,0.121,0.123,0.116,0.115,0.118,0.083,0.123,0.063,0.068,0.067,0.068,0.067,0.068,0.066,0.067,0.066,0.066,0.066,0.066,0.067
14405s,27.5 °C,0.079,0.068,0.068,0.068,0.068,0.068,0.068,0.068,0.069,0.068,0.075,0.069,0.068,0.111,0.103,0.108,0.119,0.104,0.107,0.105,0.109,0.083,0.137,0.068,0.068,0.112,0.108,0.111,0.128,0.105,0.108,0.109,0.108,0.102,0.131,0.067,0.068,0.116,0.114,0.112,0.127,0.114,0.113,0.116,0.119,0.105,0.145,0.067,0.071,0.115,0.108,0.112,0.133,0.119,0.111,0.114,0.111,0.106,0.122,0.066,0.072,0.117,0.114,0.11,0.125,0.106,0.115,0.116,0.113,0.119,0.129,0.067,0.072,0.126,0.117,0.115,0.134,0.132,0.122,0.124,0.125,0.083,0.136,0.064,0.069,0.068,0.069,0.069,0.069,0.067,0.066,0.068,0.067,0.066,0.066,0.066
18005s,27.4 °C,0.081,0.067,0.068,0.068,0.069,0.068,0.068,0.068,0.068,0.068,0.075,0.066,0.069,0.116,0.106,0.109,0.127,0.108,0.111,0.111,0.113,0.083,0.166,0.067,0.068,0.116,0.112,0.112,0.145,0.114,0.114,0.115,0.113,0.103,0.153,0.067,0.068,0.121,0.118,0.113,0.144,0.125,0.12,0.125,0.127,0.107,0.172,0.067,0.07,0.118,0.112,0.113,0.151,0.13,0.118,0.123,0.118,0.109,0.139,0.067,0.07,0.12,0.118,0.111,0.142,0.106,0.124,0.127,0.12,0.123,0.148,0.067,0.072,0.13,0.12,0.116,0.154,0.145,0.127,0.133,0.135,0.083,0.159,0.064,0.069,0.069,0.069,0.068,0.069,0.068,0.067,0.067,0.067,0.066,0.066,0.066
21605s,27.1 °C,0.083,0.068,0.068,0.069,0.069,0.069,0.069,0.069,0.069,0.068,0.075,0.066,0.07,0.123,0.11,0.11,0.143,0.109,0.116,0.116,0.118,0.083,0.198,0.068,0.068,0.121,0.115,0.113,0.177,0.124,0.121,0.122,0.119,0.105,0.188,0.067,0.069,0.127,0.123,0.114,0.165,0.137,0.129,0.139,0.135,0.109,0.207,0.067,0.069,0.124,0.116,0.114,0.18,0.146,0.125,0.132,0.125,0.111,0.18,0.066,0.07,0.125,0.121,0.112,0.173,0.102,0.134,0.142,0.125,0.126,0.181,0.065,0.071,0.135,0.123,0.117,0.181,0.165,0.138,0.145,0.142,0.083,0.193,0.062,0.07,0.07,0.07,0.07,0.07,0.069,0.068,0.069,0.069,0.068,0.066,0.064
25205s,27.4 °C,0.083,0.069,0.069,0.069,0.07,0.069,0.07,0.07,0.07,0.068,0.074,0.067,0.07,0.133,0.115,0.111,0.168,0.096,0.121,0.125,0.119,0.083,0.242,0.068,0.069,0.126,0.121,0.114,0.217,0.138,0.131,0.129,0.121,0.107,0.196,0.068,0.07,0.133,0.129,0.115,0.194,0.152,0.14,0.163,0.151,0.111,0.249,0.068,0.069,0.131,0.121,0.114,0.213,0.17,0.136,0.158,0.131,0.113,0.214,0.067,0.069,0.131,0.126,0.113,0.201,0.096,0.149,0.172,0.135,0.116,0.224,0.066,0.07,0.142,0.127,0.118,0.216,0.19,0.147,0.167,0.163,0.083,0.235,0.064,0.069,0.071,0.071,0.071,0.071,0.07,0.069,0.069,0.07,0.069,0.067,0.065
28805s,26.9 °C,0.083,0.07,0.069,0.07,0.07,0.07,0.07,0.07,0.07,0.068,0.074,0.068,0.07,0.144,0.122,0.111,0.196,0.097,0.124,0.143,0.12,0.084,0.281,0.069,0.069,0.132,0.127,0.115,0.251,0.159,0.144,0.123,0.12,0.108,0.234,0.068,0.071,0.142,0.135,0.116,0.224,0.165,0.167,0.192,0.168,0.113,0.299,0.069,0.071,0.136,0.126,0.115,0.25,0.195,0.148,0.18,0.133,0.115,0.247,0.068,0.07,0.139,0.131,0.113,0.227,0.104,0.164,0.199,0.141,0.118,0.274,0.067,0.069,0.148,0.13,0.119,0.249,0.221,0.164,0.191,0.187,0.083,0.284,0.063,0.068,0.07,0.07,0.071,0.071,0.07,0.069,0.069,0.07,0.068,0.068,0.065
32405s,27.9 °C,0.083,0.07,0.069,0.07,0.071,0.07,0.07,0.07,0.071,0.068,0.074,0.067,0.069,0.165,0.128,0.112,0.225,0.103,0.122,0.147,0.113,0.084,0.258,0.068,0.068,0.136,0.139,0.116,0.283,0.183,0.163,0.121,0.115,0.109,0.28,0.069,0.069,0.152,0.145,0.116,0.259,0.186,0.195,0.214,0.186,0.115,0.352,0.07,0.072,0.145,0.132,0.115,0.286,0.223,0.169,0.192,0.151,0.117,0.298,0.069,0.07,0.147,0.136,0.115,0.259,0.117,0.177,0.217,0.151,0.121,0.326,0.069,0.069,0.162,0.135,0.119,0.294,0.257,0.188,0.222,0.206,0.083,0.339,0.063,0.069,0.07,0.07,0.071,0.072,0.07,0.069,0.069,0.07,0.069,0.067,0.065
36005s,27.1 °C,0.082,0.07,0.07,0.07,0.071,0.071,0.071,0.071,0.072,0.069,0.073,0.068,0.069,0.178,0.142,0.112,0.257,0.112,0.108,0.148,0.113,0.084,0.302,0.068,0.068,0.144,0.161,0.116,0.318,0.219,0.172,0.133,0.126,0.111,0.327,0.067,0.07,0.161,0.158,0.116,0.297,0.205,0.221,0.24,0.195,0.117,0.406,0.07,0.071,0.161,0.141,0.115,0.324,0.254,0.181,0.221,0.167,0.119,0.351,0.069,0.071,0.177,0.148,0.115,0.292,0.143,0.189,0.25,0.17,0.124,0.368,0.069,0.068,0.183,0.142,0.12,0.335,0.29,0.218,0.253,0.229,0.083,0.396,0.063,0.068,0.071,0.07,0.069,0.072,0.069,0.07,0.069,0.071,0.069,0.067,0.067
39605s,27.4 °C,0.082,0.07,0.07,0.071,0.071,0.071,0.071,0.071,0.072,0.068,0.072,0.068,0.07,0.192,0.153,0.113,0.288,0.124,0.107,0.165,0.118,0.084,0.352,0.068,0.068,0.146,0.179,0.117,0.354,0.246,0.191,0.139,0.13,0.112,0.382,0.066,0.071,0.182,0.175,0.117,0.333,0.231,0.246,0.268,0.211,0.119,0.453,0.07,0.069,0.177,0.154,0.116,0.358,0.286,0.202,0.244,0.193,0.121,0.403,0.069,0.069,0.193,0.151,0.116,0.327,0.165,0.211,0.275,0.185,0.127,0.415,0.066,0.069,0.201,0.151,0.12,0.372,0.332,0.246,0.291,0.258,0.083,0.445,0.064,0.069,0.072,0.069,0.069,0.07,0.068,0.068,0.07,0.071,0.068,0.068,0.066
43205s,28.1 °C,0.083,0.072,0.071,0.072,0.071,0.069,0.072,0.07,0.073,0.068,0.071,0.067,0.069,0.205,0.168,0.113,0.324,0.136,0.112,0.195,0.126,0.084,0.402,0.068,0.07,0.152,0.192,0.117,0.386,0.271,0.21,0.166,0.144,0.114,0.427,0.067,0.07,0.2,0.186,0.117,0.375,0.26,0.271,0.298,0.242,0.121,0.496,0.071,0.069,0.196,0.17,0.116,0.392,0.317,0.223,0.272,0.214,0.123,0.448,0.069,0.068,0.212,0.166,0.116,0.361,0.191,0.249,0.303,0.207,0.131,0.459,0.067,0.071,0.225,0.163,0.12,0.403,0.371,0.278,0.33,0.292,0.083,0.491,0.064,0.068,0.069,0.07,0.069,0.069,0.069,0.067,0.069,0.071,0.066,0.067,0.065
46805s,27.4 °C,0.081,0.069,0.071,0.072,0.072,0.069,0.068,0.071,0.074,0.069,0.071,0.068,0.069,0.223,0.177,0.113,0.361,0.151,0.119,0.226,0.136,0.084,0.45,0.067,0.069,0.163,0.203,0.117,0.422,0.294,0.229,0.2,0.185,0.116,0.474,0.068,0.07,0.216,0.202,0.117,0.411,0.285,0.295,0.327,0.264,0.123,0.54,0.071,0.072,0.219,0.181,0.116,0.429,0.346,0.246,0.301,0.245,0.124,0.495,0.069,0.069,0.229,0.18,0.116,0.399,0.222,0.277,0.332,0.23,0.135,0.5,0.067,0.073,0.254,0.177,0.121,0.435,0.405,0.306,0.362,0.32,0.084,0.534,0.064,0.069,0.068,0.071,0.07,0.07,0.071,0.068,0.069,0.068,0.067,0.068,0.066
50405s,27.4 °C,0.081,0.069,0.072,0.072,0.073,0.07,0.068,0.069,0.068,0.069,0.068,0.067,0.072,0.242,0.179,0.113,0.393,0.172,0.13,0.258,0.145,0.085,0.492,0.068,0.068,0.179,0.213,0.117,0.46,0.32,0.251,0.236,0.23,0.117,0.518,0.068,0.07,0.237,0.221,0.118,0.447,0.316,0.319,0.362,0.29,0.125,0.583,0.072,0.071,0.241,0.193,0.116,0.464,0.378,0.271,0.33,0.274,0.126,0.542,0.067,0.069,0.246,0.196,0.117,0.435,0.26,0.308,0.36,0.264,0.14,0.541,0.065,0.069,0.281,0.194,0.121,0.466,0.438,0.336,0.395,0.352,0.083,0.574,0.063,0.07,0.07,0.072,0.072,0.072,0.072,0.071,0.071,0.068,0.069,0.067,0.067
54005s,27.4 °C,0.082,0.07,0.07,0.072,0.073,0.07,0.069,0.069,0.069,0.067,0.067,0.067,0.071,0.263,0.183,0.114,0.429,0.195,0.141,0.29,0.158,0.085,0.533,0.067,0.069,0.201,0.226,0.118,0.494,0.346,0.272,0.269,0.266,0.118,0.561,0.066,0.069,0.257,0.239,0.118,0.481,0.346,0.343,0.393,0.315,0.127,0.623,0.069,0.071,0.263,0.206,0.117,0.497,0.408,0.295,0.36,0.302,0.127,0.587,0.068,0.07,0.266,0.215,0.117,0.47,0.29,0.337,0.389,0.294,0.147,0.58,0.067,0.071,0.308,0.213,0.121,0.496,0.468,0.366,0.425,0.383,0.083,0.613,0.063,0.069,0.07,0.072,0.073,0.073,0.073,0.07,0.07,0.07,0.068,0.067,0.066
57605s,27.4 °C,0.082,0.071,0.069,0.069,0.073,0.071,0.07,0.07,0.07,0.068,0.068,0.067,0.072,0.28,0.187,0.114,0.462,0.222,0.156,0.317,0.173,0.085,0.572,0.068,0.071,0.222,0.24,0.118,0.526,0.372,0.292,0.302,0.295,0.119,0.598,0.067,0.071,0.276,0.249,0.118,0.516,0.378,0.366,0.422,0.337,0.129,0.656,0.07,0.071,0.281,0.221,0.117,0.527,0.44,0.32,0.387,0.327,0.128,0.625,0.068,0.07,0.285,0.234,0.117,0.5,0.322,0.366,0.414,0.318,0.151,0.616,0.067,0.071,0.331,0.229,0.121,0.526,0.498,0.394,0.452,0.412,0.083,0.645,0.064,0.069,0.072,0.071,0.072,0.072,0.072,0.07,0.071,0.07,0.069,0.068,0.066
61205s,26.9 °C,0.083,0.072,0.071,0.071,0.072,0.071,0.071,0.071,0.071,0.07,0.069,0.069,0.072,0.299,0.195,0.114,0.493,0.26,0.173,0.352,0.19,0.085,0.608,0.068,0.071,0.24,0.255,0.118,0.555,0.398,0.315,0.334,0.316,0.118,0.631,0.067,0.069,0.293,0.26,0.118,0.543,0.412,0.389,0.448,0.36,0.13,0.683,0.07,0.069,0.3,0.232,0.117,0.552,0.471,0.345,0.416,0.353,0.129,0.657,0.068,0.07,0.304,0.253,0.117,0.529,0.35,0.394,0.44,0.339,0.156,0.646,0.067,0.072,0.352,0.246,0.121,0.553,0.524,0.418,0.479,0.441,0.082,0.67,0.063,0.071,0.072,0.07,0.072,0.071,0.07,0.07,0.071,0.07,0.069,0.068,0.066
64805s,27.7 °C,0.079,0.069,0.07,0.07,0.072,0.069,0.069,0.071,0.072,0.07,0.067,0.068,0.071,0.322,0.209,0.114,0.518,0.293,0.195,0.383,0.211,0.085,0.637,0.068,0.071,0.26,0.27,0.118,0.58,0.427,0.336,0.365,0.335,0.118,0.658,0.069,0.069,0.309,0.272,0.118,0.569,0.443,0.411,0.475,0.382,0.132,0.705,0.07,0.069,0.321,0.242,0.117,0.574,0.499,0.367,0.444,0.377,0.13,0.684,0.068,0.068,0.321,0.273,0.117,0.553,0.38,0.416,0.464,0.358,0.161,0.672,0.066,0.071,0.371,0.261,0.121,0.577,0.549,0.442,0.502,0.467,0.082,0.69,0.064,0.07,0.07,0.071,0.071,0.071,0.07,0.07,0.071,0.07,0.07,0.069,0.066
68405s,27.4 °C,0.08,0.069,0.07,0.07,0.071,0.07,0.069,0.07,0.069,0.07,0.068,0.068,0.069,0.337,0.221,0.114,0.54,0.33,0.217,0.416,0.233,0.085,0.662,0.068,0.068,0.275,0.286,0.118,0.603,0.452,0.358,0.396,0.356,0.123,0.68,0.068,0.069,0.324,0.284,0.118,0.59,0.471,0.435,0.502,0.405,0.134,0.726,0.071,0.069,0.337,0.252,0.117,0.594,0.522,0.394,0.473,0.397,0.13,0.706,0.068,0.069,0.338,0.293,0.118,0.577,0.406,0.439,0.489,0.38,0.165,0.692,0.066,0.07,0.389,0.276,0.122,0.597,0.568,0.462,0.522,0.491,0.082,0.709,0.063,0.069,0.068,0.07,0.07,0.071,0.07,0.068,0.069,0.069,0.068,0.069,0.066
72005s,27.4 °C,0.08,0.071,0.071,0.071,0.071,0.071,0.07,0.07,0.069,0.071,0.068,0.067,0.069,0.352,0.231,0.115,0.558,0.357,0.239,0.442,0.255,0.085,0.682,0.068,0.068,0.29,0.301,0.118,0.621,0.473,0.382,0.423,0.379,0.125,0.7,0.068,0.069,0.338,0.296,0.118,0.606,0.492,0.455,0.526,0.427,0.136,0.744,0.069,0.071,0.352,0.261,0.117,0.611,0.541,0.417,0.498,0.421,0.132,0.725,0.068,0.07,0.355,0.309,0.118,0.594,0.428,0.46,0.512,0.404,0.172,0.709,0.065,0.069,0.407,0.288,0.122,0.611,0.585,0.479,0.538,0.512,0.082,0.726,0.063,0.068,0.069,0.07,0.071,0.071,0.07,0.068,0.07,0.069,0.067,0.067,0.066
75605s,27.5 °C,0.078,0.07,0.07,0.071,0.071,0.071,0.07,0.069,0.069,0.068,0.068,0.067,0.07,0.367,0.243,0.115,0.574,0.38,0.262,0.469,0.282,0.085,0.701,0.067,0.069,0.306,0.313,0.118,0.636,0.492,0.405,0.449,0.402,0.129,0.718,0.066,0.071,0.351,0.306,0.119,0.619,0.51,0.475,0.549,0.451,0.135,0.762,0.069,0.07,0.367,0.272,0.118,0.625,0.558,0.441,0.523,0.443,0.128,0.744,0.068,0.071,0.369,0.323,0.118,0.609,0.447,0.483,0.532,0.425,0.186,0.726,0.066,0.069,0.422,0.303,0.122,0.625,0.599,0.495,0.551,0.53,0.082,0.742,0.062,0.069,0.07,0.07,0.071,0.071,0.071,0.069,0.07,0.07,0.068,0.067,0.066
79205s,27.7 °C,0.078,0.07,0.069,0.071,0.072,0.072,0.072,0.07,0.07,0.068,0.068,0.067,0.071,0.38,0.25,0.115,0.587,0.398,0.284,0.488,0.308,0.086,0.719,0.068,0.07,0.321,0.323,0.119,0.649,0.506,0.428,0.47,0.426,0.13,0.735,0.066,0.07,0.365,0.315,0.119,0.629,0.526,0.492,0.567,0.471,0.137,0.778,0.07,0.07,0.383,0.28,0.118,0.637,0.571,0.461,0.543,0.466,0.127,0.76,0.069,0.072,0.382,0.336,0.118,0.621,0.462,0.501,0.547,0.448,0.194,0.743,0.068,0.074,0.436,0.316,0.122,0.637,0.611,0.508,0.563,0.545,0.081,0.758,0.066,0.07,0.073,0.072,0.071,0.072,0.073,0.072,0.072,0.072,0.07,0.068,0.066
82805s,27.5 °C,0.077,0.07,0.07,0.071,0.072,0.071,0.069,0.069,0.071,0.069,0.069,0.067,0.069,0.394,0.255,0.115,0.6,0.414,0.304,0.503,0.333,0.086,0.736,0.068,0.07,0.333,0.334,0.119,0.661,0.518,0.443,0.49,0.447,0.126,0.751,0.068,0.07,0.378,0.323,0.119,0.641,0.538,0.508,0.582,0.49,0.139,0.794,0.07,0.072,0.395,0.288,0.118,0.648,0.582,0.476,0.558,0.49,0.127,0.777,0.07,0.069,0.396,0.351,0.118,0.633,0.476,0.517,0.56,0.468,0.2,0.758,0.066,0.07,0.447,0.327,0.122,0.65,0.62,0.518,0.573,0.556,0.081,0.771,0.064,0.069,0.072,0.072,0.071,0.073,0.071,0.071,0.071,0.07,0.071,0.068,0.066
86405s,27.6 °C,0.077,0.07,0.07,0.071,0.071,0.069,0.069,0.069,0.07,0.069,0.068,0.067,0.069,0.402,0.259,0.115,0.61,0.426,0.317,0.513,0.353,0.085,0.75,0.068,0.069,0.346,0.342,0.119,0.673,0.528,0.458,0.507,0.468,0.129,0.766,0.068,0.07,0.386,0.332,0.119,0.654,0.55,0.52,0.596,0.512,0.141,0.808,0.07,0.07,0.405,0.293,0.118,0.66,0.593,0.49,0.573,0.51,0.125,0.792,0.068,0.069,0.408,0.364,0.118,0.644,0.489,0.529,0.571,0.487,0.209,0.772,0.066,0.069,0.457,0.338,0.122,0.661,0.63,0.526,0.583,0.564,0.081,0.783,0.064,0.07,0.071,0.071,0.07,0.072,0.07,0.069,0.07,0.07,0.071,0.068,0.065
90005s,27.0 °C,0.075,0.069,0.07,0.069,0.072,0.07,0.069,0.07,0.071,0.069,0.068,0.067,0.069,0.411,0.263,0.115,0.622,0.44,0.329,0.523,0.37,0.085,0.764,0.068,0.069,0.356,0.35,0.119,0.685,0.537,0.472,0.522,0.487,0.124,0.779,0.067,0.07,0.397,0.34,0.119,0.665,0.561,0.531,0.607,0.529,0.143,0.82,0.07,0.07,0.414,0.298,0.118,0.67,0.602,0.5,0.584,0.526,0.124,0.805,0.067,0.07,0.416,0.375,0.118,0.654,0.502,0.538,0.581,0.5,0.213,0.784,0.066,0.071,0.465,0.346,0.123,0.672,0.641,0.534,0.593,0.572,0.082,0.792,0.062,0.069,0.07,0.07,0.071,0.071,0.07,0.07,0.07,0.071,0.069,0.069,0.066
93605s,27.6 °C,0.075,0.069,0.07,0.069,0.072,0.071,0.07,0.07,0.069,0.069,0.069,0.067,0.069,0.419,0.266,0.115,0.635,0.451,0.338,0.532,0.385,0.085,0.777,0.067,0.069,0.366,0.359,0.119,0.697,0.547,0.482,0.534,0.505,0.121,0.791,0.067,0.069,0.407,0.346,0.119,0.677,0.571,0.539,0.616,0.544,0.143,0.831,0.069,0.072,0.423,0.303,0.118,0.681,0.611,0.508,0.593,0.544,0.117,0.818,0.07,0.071,0.423,0.384,0.118,0.664,0.515,0.547,0.59,0.509,0.216,0.795,0.067,0.071,0.473,0.355,0.123,0.684,0.65,0.541,0.6,0.58,0.082,0.802,0.064,0.07,0.069,0.07,0.071,0.073,0.071,0.07,0.07,0.069,0.068,0.068,0.066
97205s,27.5 °C,0.075,0.07,0.071,0.07,0.074,0.072,0.069,0.07,0.069,0.07,0.068,0.068,0.071,0.429,0.272,0.116,0.647,0.465,0.345,0.541,0.398,0.085,0.79,0.068,0.07,0.375,0.365,0.119,0.709,0.559,0.492,0.545,0.521,0.116,0.802,0.067,0.07,0.417,0.353,0.119,0.689,0.581,0.547,0.625,0.558,0.138,0.841,0.069,0.07,0.43,0.308,0.118,0.692,0.621,0.516,0.603,0.557,0.112,0.829,0.069,0.071,0.43,0.392,0.118,0.676,0.526,0.557,0.599,0.519,0.215,0.807,0.067,0.069,0.48,0.363,0.123,0.694,0.661,0.548,0.61,0.587,0.082,0.813,0.063,0.072,0.071,0.071,0.073,0.071,0.073,0.071,0.072,0.071,0.069,0.069,0.065
100805s,27.6 °C,0.074,0.071,0.071,0.071,0.074,0.072,0.069,0.071,0.069,0.069,0.068,0.068,0.07,0.436,0.276,0.115,0.657,0.478,0.352,0.55,0.409,0.084,0.8,0.068,0.069,0.384,0.372,0.119,0.72,0.567,0.499,0.556,0.534,0.108,0.813,0.068,0.07,0.426,0.358,0.119,0.7,0.591,0.554,0.632,0.567,0.137,0.853,0.069,0.071,0.437,0.313,0.118,0.703,0.631,0.523,0.613,0.568,0.107,0.84,0.069,0.069,0.438,0.401,0.119,0.686,0.541,0.562,0.608,0.528,0.212,0.817,0.068,0.069,0.486,0.37,0.123,0.703,0.669,0.554,0.618,0.594,0.082,0.822,0.063,0.069,0.07,0.07,0.072,0.07,0.07,0.07,0.072,0.071,0.07,0.068,0.067
104405s,27.5 °C,0.074,0.072,0.072,0.073,0.072,0.072,0.071,0.07,0.069,0.069,0.069,0.068,0.07,0.442,0.278,0.115,0.667,0.489,0.356,0.558,0.416,0.083,0.812,0.068,0.07,0.395,0.378,0.119,0.729,0.578,0.505,0.566,0.545,0.103,0.823,0.068,0.071,0.432,0.362,0.119,0.708,0.599,0.559,0.639,0.574,0.136,0.862,0.07,0.07,0.443,0.316,0.118,0.713,0.639,0.529,0.622,0.578,0.106,0.85,0.068,0.068,0.443,0.41,0.119,0.697,0.553,0.569,0.617,0.537,0.215,0.826,0.067,0.07,0.492,0.378,0.123,0.713,0.68,0.561,0.626,0.602,0.082,0.831,0.064,0.069,0.07,0.07,0.07,0.071,0.07,0.07,0.07,0.069,0.07,0.067,0.067
108005s,27.5 °C,0.072,0.069,0.071,0.073,0.07,0.071,0.068,0.07,0.07,0.069,0.069,0.068,0.07,0.449,0.283,0.115,0.676,0.501,0.363,0.567,0.427,0.083,0.822,0.068,0.071,0.401,0.384,0.119,0.74,0.589,0.511,0.577,0.556,0.101,0.833,0.067,0.07,0.437,0.366,0.119,0.717,0.609,0.566,0.646,0.582,0.134,0.871,0.07,0.069,0.446,0.319,0.118,0.722,0.647,0.536,0.632,0.586,0.104,0.86,0.068,0.071,0.447,0.417,0.119,0.705,0.564,0.574,0.626,0.543,0.214,0.836,0.067,0.073,0.496,0.383,0.123,0.721,0.689,0.567,0.633,0.61,0.082,0.841,0.066,0.07,0.07,0.07,0.07,0.071,0.07,0.07,0.07,0.07,0.07,0.068,0.067
111605s,27.3 °C,0.072,0.069,0.072,0.072,0.072,0.072,0.069,0.071,0.071,0.07,0.068,0.067,0.072,0.456,0.285,0.116,0.686,0.512,0.368,0.576,0.436,0.083,0.831,0.068,0.069,0.406,0.39,0.119,0.749,0.598,0.516,0.587,0.565,0.099,0.842,0.067,0.069,0.441,0.37,0.119,0.728,0.617,0.571,0.654,0.59,0.133,0.88,0.07,0.07,0.45,0.323,0.118,0.731,0.656,0.542,0.642,0.593,0.103,0.868,0.068,0.072,0.451,0.422,0.119,0.713,0.574,0.579,0.635,0.552,0.212,0.845,0.067,0.072,0.501,0.389,0.123,0.73,0.697,0.573,0.639,0.618,0.083,0.849,0.066,0.069,0.07,0.07,0.07,0.071,0.07,0.07,0.069,0.07,0.07,0.068,0.066
115205s,27.0 °C,0.07,0.069,0.069,0.072,0.072,0.071,0.07,0.071,0.072,0.069,0.068,0.068,0.07,0.461,0.288,0.116,0.695,0.523,0.374,0.584,0.444,0.083,0.84,0.067,0.069,0.41,0.396,0.119,0.758,0.609,0.52,0.596,0.575,0.098,0.851,0.067,0.071,0.446,0.373,0.118,0.736,0.627,0.576,0.662,0.597,0.133,0.89,0.071,0.071,0.455,0.326,0.118,0.739,0.665,0.548,0.652,0.601,0.102,0.878,0.067,0.069,0.455,0.427,0.119,0.721,0.585,0.585,0.643,0.561,0.21,0.853,0.066,0.072,0.504,0.395,0.123,0.737,0.705,0.579,0.646,0.624,0.083,0.858,0.063,0.071,0.071,0.071,0.071,0.071,0.071,0.07,0.07,0.071,0.07,0.069,0.066
118805s,27.6 °C,0.069,0.07,0.069,0.069,0.072,0.071,0.071,0.07,0.073,0.069,0.068,0.067,0.069,0.466,0.291,0.115,0.704,0.534,0.38,0.592,0.452,0.082,0.849,0.068,0.07,0.412,0.4,0.119,0.766,0.617,0.525,0.605,0.583,0.095,0.86,0.068,0.071,0.45,0.376,0.118,0.744,0.637,0.582,0.67,0.604,0.132,0.897,0.07,0.071,0.461,0.328,0.117,0.747,0.673,0.554,0.661,0.609,0.103,0.887,0.068,0.07,0.458,0.43,0.119,0.73,0.593,0.591,0.649,0.569,0.212,0.862,0.066,0.073,0.507,0.399,0.123,0.747,0.714,0.586,0.653,0.631,0.081,0.867,0.064,0.071,0.071,0.071,0.071,0.072,0.072,0.071,0.071,0.071,0.07,0.068,0.067
122405s,27.4 °C,0.069,0.07,0.07,0.07,0.073,0.072,0.071,0.071,0.07,0.07,0.069,0.068,0.069,0.47,0.294,0.115,0.713,0.545,0.386,0.601,0.46,0.081,0.857,0.069,0.069,0.415,0.402,0.119,0.774,0.625,0.531,0.614,0.592,0.094,0.869,0.068,0.071,0.453,0.379,0.118,0.753,0.645,0.586,0.676,0.611,0.132,0.906,0.07,0.072,0.464,0.33,0.117,0.755,0.682,0.56,0.668,0.614,0.102,0.894,0.07,0.071,0.46,0.434,0.119,0.737,0.602,0.596,0.656,0.576,0.211,0.87,0.066,0.07,0.509,0.403,0.122,0.754,0.722,0.591,0.659,0.637,0.08,0.875,0.063,0.07,0.07,0.071,0.071,0.073,0.071,0.072,0.071,0.071,0.069,0.068,0.067
126005s,27.3 °C,0.069,0.069,0.071,0.07,0.074,0.073,0.072,0.072,0.07,0.071,0.07,0.068,0.071,0.472,0.292,0.115,0.721,0.552,0.39,0.608,0.465,0.081,0.865,0.068,0.069,0.417,0.406,0.119,0.783,0.634,0.537,0.623,0.599,0.093,0.877,0.069,0.071,0.456,0.381,0.118,0.76,0.654,0.592,0.685,0.617,0.132,0.913,0.07,0.073,0.467,0.331,0.117,0.763,0.689,0.565,0.676,0.621,0.102,0.902,0.069,0.069,0.462,0.437,0.119,0.744,0.61,0.601,0.663,0.583,0.211,0.878,0.067,0.07,0.511,0.405,0.122,0.762,0.731,0.597,0.665,0.642,0.08,0.883,0.065,0.07,0.07,0.07,0.071,0.072,0.07,0.071,0.07,0.071,0.07,0.069,0.066
129605s,27.3 °C,0.068,0.069,0.071,0.07,0.072,0.07,0.069,0.07,0.071,0.071,0.068,0.068,0.071,0.475,0.293,0.115,0.731,0.562,0.396,0.616,0.472,0.081,0.873,0.067,0.07,0.418,0.408,0.119,0.79,0.642,0.542,0.63,0.608,0.093,0.885,0.067,0.071,0.457,0.384,0.118,0.768,0.662,0.596,0.692,0.624,0.131,0.922,0.07,0.071,0.468,0.332,0.117,0.77,0.697,0.569,0.682,0.627,0.096,0.91,0.069,0.07,0.463,0.439,0.118,0.751,0.618,0.606,0.669,0.588,0.212,0.885,0.067,0.07,0.513,0.407,0.122,0.77,0.739,0.6,0.672,0.648,0.081,0.891,0.064,0.071,0.072,0.071,0.071,0.072,0.071,0.071,0.071,0.072,0.069,0.069,0.066
133205s,27.0 °C,0.069,0.07,0.069,0.07,0.072,0.07,0.069,0.07,0.071,0.07,0.069,0.067,0.069,0.476,0.294,0.115,0.739,0.572,0.402,0.623,0.48,0.081,0.88,0.068,0.071,0.421,0.41,0.118,0.798,0.649,0.548,0.638,0.615,0.092,0.893,0.068,0.071,0.458,0.385,0.117,0.775,0.67,0.601,0.699,0.629,0.131,0.929,0.07,0.07,0.47,0.333,0.116,0.777,0.705,0.574,0.687,0.632,0.095,0.917,0.07,0.069,0.464,0.44,0.118,0.758,0.625,0.611,0.677,0.595,0.212,0.892,0.067,0.071,0.514,0.409,0.122,0.777,0.747,0.606,0.677,0.653,0.081,0.898,0.066,0.07,0.071,0.071,0.071,0.072,0.072,0.071,0.072,0.072,0.07,0.068,0.068
136805s,27.6 °C,0.069,0.069,0.069,0.072,0.071,0.071,0.069,0.071,0.069,0.07,0.069,0.068,0.07,0.478,0.295,0.115,0.746,0.58,0.408,0.629,0.486,0.081,0.886,0.068,0.07,0.42,0.411,0.118,0.805,0.656,0.552,0.646,0.622,0.092,0.899,0.067,0.071,0.459,0.386,0.117,0.783,0.678,0.606,0.706,0.637,0.131,0.937,0.069,0.07,0.47,0.334,0.116,0.784,0.712,0.579,0.693,0.64,0.095,0.925,0.068,0.071,0.466,0.441,0.118,0.765,0.634,0.616,0.683,0.601,0.212,0.901,0.066,0.07,0.516,0.411,0.122,0.784,0.753,0.612,0.683,0.66,0.079,0.905,0.065,0.069,0.07,0.07,0.07,0.071,0.071,0.07,0.071,0.07,0.07,0.068,0.067
140405s,27.5 °C,0.069,0.07,0.07,0.072,0.071,0.071,0.07,0.072,0.07,0.071,0.068,0.068,0.07,0.478,0.293,0.114,0.754,0.587,0.411,0.635,0.492,0.081,0.894,0.068,0.069,0.421,0.412,0.118,0.813,0.664,0.558,0.655,0.631,0.092,0.907,0.068,0.072,0.459,0.387,0.117,0.789,0.685,0.61,0.712,0.642,0.129,0.944,0.07,0.069,0.471,0.335,0.116,0.79,0.719,0.583,0.701,0.646,0.094,0.932,0.068,0.07,0.468,0.442,0.118,0.772,0.643,0.621,0.691,0.611,0.213,0.908,0.066,0.07,0.518,0.412,0.122,0.79,0.76,0.617,0.688,0.665,0.079,0.914,0.063,0.071,0.071,0.07,0.07,0.072,0.073,0.07,0.073,0.07,0.07,0.069,0.069
144005s,28.3 °C,0.069,0.069,0.071,0.071,0.071,0.071,0.071,0.07,0.071,0.069,0.068,0.068,0.071,0.479,0.293,0.114,0.761,0.595,0.416,0.642,0.5,0.081,0.902,0.068,0.069,0.423,0.413,0.118,0.82,0.672,0.562,0.662,0.637,0.092,0.915,0.067,0.071,0.46,0.387,0.117,0.797,0.693,0.615,0.719,0.647,0.128,0.951,0.07,0.069,0.471,0.335,0.116,0.796,0.727,0.588,0.707,0.651,0.094,0.94,0.068,0.071,0.47,0.444,0.118,0.78,0.651,0.626,0.697,0.617,0.213,0.915,0.066,0.07,0.52,0.412,0.121,0.797,0.766,0.622,0.693,0.671,0.08,0.921,0.065,0.071,0.072,0.069,0.069,0.072,0.072,0.069,0.07,0.069,0.069,0.069,0.068
147605s,27.2 °C,0.069,0.07,0.071,0.071,0.072,0.07,0.072,0.071,0.072,0.069,0.069,0.068,0.07,0.48,0.292,0.114,0.769,0.603,0.421,0.647,0.507,0.081,0.909,0.068,0.069,0.424,0.413,0.118,0.826,0.678,0.567,0.668,0.645,0.092,0.922,0.067,0.071,0.461,0.387,0.117,0.804,0.699,0.619,0.724,0.653,0.128,0.958,0.07,0.07,0.471,0.334,0.116,0.802,0.734,0.593,0.713,0.658,0.093,0.947,0.068,0.07,0.472,0.444,0.118,0.786,0.658,0.63,0.702,0.623,0.213,0.921,0.066,0.069,0.521,0.413,0.121,0.802,0.772,0.626,0.696,0.676,0.079,0.928,0.065,0.07,0.069,0.07,0.069,0.073,0.071,0.07,0.071,0.07,0.069,0.068,0.067
151205s,27.5 °C,0.069,0.069,0.072,0.072,0.073,0.073,0.073,0.072,0.074,0.069,0.069,0.068,0.071,0.481,0.293,0.114,0.775,0.612,0.426,0.653,0.516,0.081,0.915,0.068,0.071,0.424,0.414,0.118,0.833,0.686,0.57,0.676,0.652,0.091,0.93,0.068,0.07,0.46,0.387,0.117,0.811,0.706,0.624,0.729,0.66,0.127,0.965,0.071,0.07,0.471,0.334,0.116,0.808,0.74,0.598,0.719,0.664,0.093,0.953,0.069,0.07,0.472,0.444,0.117,0.792,0.665,0.634,0.707,0.628,0.212,0.928,0.067,0.07,0.523,0.414,0.121,0.81,0.779,0.632,0.702,0.682,0.079,0.936,0.067,0.068,0.069,0.071,0.07,0.071,0.07,0.071,0.07,0.07,0.07,0.069,0.066
154805s,26.9 °C,0.07,0.07,0.071,0.072,0.073,0.072,0.069,0.073,0.074,0.069,0.068,0.067,0.071,0.484,0.294,0.114,0.782,0.621,0.431,0.657,0.523,0.081,0.921,0.068,0.071,0.424,0.414,0.118,0.84,0.693,0.574,0.683,0.658,0.09,0.937,0.069,0.07,0.46,0.387,0.117,0.819,0.712,0.628,0.734,0.666,0.127,0.971,0.071,0.071,0.472,0.333,0.116,0.815,0.748,0.604,0.724,0.67,0.093,0.961,0.07,0.071,0.473,0.444,0.117,0.799,0.673,0.639,0.71,0.635,0.212,0.935,0.067,0.07,0.523,0.413,0.121,0.816,0.784,0.636,0.706,0.687,0.079,0.943,0.064,0.069,0.07,0.071,0.07,0.071,0.071,0.071,0.069,0.071,0.069,0.068,0.068
158405s,27.4 °C,0.07,0.071,0.071,0.07,0.075,0.074,0.07,0.073,0.072,0.069,0.068,0.067,0.073,0.484,0.292,0.114,0.788,0.628,0.435,0.662,0.528,0.081,0.927,0.069,0.072,0.423,0.413,0.117,0.846,0.698,0.577,0.688,0.664,0.09,0.944,0.068,0.072,0.461,0.387,0.116,0.825,0.718,0.631,0.74,0.672,0.127,0.978,0.072,0.069,0.472,0.333,0.116,0.822,0.756,0.609,0.729,0.677,0.093,0.968,0.069,0.07,0.474,0.443,0.117,0.804,0.682,0.643,0.717,0.642,0.211,0.942,0.068,0.069,0.524,0.412,0.12,0.821,0.79,0.641,0.709,0.69,0.078,0.95,0.064,0.07,0.07,0.071,0.071,0.071,0.071,0.069,0.07,0.071,0.07,0.068,0.068
162005s,27.4 °C,0.07,0.071,0.071,0.07,0.074,0.071,0.07,0.071,0.072,0.07,0.069,0.069,0.07,0.485,0.292,0.114,0.796,0.636,0.441,0.669,0.535,0.081,0.935,0.069,0.07,0.423,0.412,0.117,0.851,0.704,0.58,0.693,0.67,0.089,0.95,0.067,0.072,0.461,0.387,0.116,0.832,0.725,0.636,0.744,0.678,0.126,0.986,0.071,0.07,0.473,0.333,0.116,0.828,0.761,0.613,0.734,0.682,0.093,0.974,0.069,0.07,0.475,0.442,0.117,0.812,0.69,0.648,0.722,0.646,0.211,0.948,0.067,0.07,0.525,0.412,0.12,0.826,0.796,0.646,0.713,0.695,0.078,0.957,0.066,0.07,0.071,0.07,0.071,0.071,0.072,0.07,0.071,0.072,0.071,0.069,0.068
Date of measurement: 2021-02-17/Time of measurement: 11:52:14,,,,,,,,,,,,,,,,,,,,,,,,,,,,,,,,,,,,,,,,,,,,,,,,,,,,,,,,,,,,,,,,,,,,,,,,,,,,,,,,,,,,,,,,,,,,,,,,,
DD 96well 48hr.mth,,,,,,,,,,,,,,,,,,,,,,,,,,,,,,,,,,,,,,,,,,,,,,,,,,,,,,,,,,,,,,,,,,,,,,,,,,,,,,,,,,,,,,,,,,,,,,,,,
C:\Users\Public\Documents\Tecan\Magellan\mth\DD 96well 48hr.mth,,,,,,,,,,,,,,,,,,,,,,,,,,,,,,,,,,,,,,,,,,,,,,,,,,,,,,,,,,,,,,,,,,,,,,,,,,,,,,,,,,,,,,,,,,,,,,,,,
17022021-003.wsp,,,,,,,,,,,,,,,,,,,,,,,,,,,,,,,,,,,,,,,,,,,,,,,,,,,,,,,,,,,,,,,,,,,,,,,,,,,,,,,,,,,,,,,,,,,,,,,,,
C:\Users\Public\Documents\Tecan\Magellan\wsp\17022021-003.wsp,,,,,,,,,,,,,,,,,,,,,,,,,,,,,,,,,,,,,,,,,,,,,,,,,,,,,,,,,,,,,,,,,,,,,,,,,,,,,,,,,,,,,,,,,,,,,,,,,
600nm - 500nm,,,,,,,,,,,,,,,,,,,,,,,,,,,,,,,,,,,,,,,,,,,,,,,,,,,,,,,,,,,,,,,,,,,,,,,,,,,,,,,,,,,,,,,,,,,,,,,,,
Unknown user,,,,,,,,,,,,,,,,,,,,,,,,,,,,,,,,,,,,,,,,,,,,,,,,,,,,,,,,,,,,,,,,,,,,,,,,,,,,,,,,,,,,,,,,,,,,,,,,,
SUNRISE,,,,,,,,,,,,,,,,,,,,,,,,,,,,,,,,,,,,,,,,,,,,,,,,,,,,,,,,,,,,,,,,,,,,,,,,,,,,,,,,,,,,,,,,,,,,,,,,,
Instrument serial number: 2012001721,,,,,,,,,,,,,,,,,,,,,,,,,,,,,,,,,,,,,,,,,,,,,,,,,,,,,,,,,,,,,,,,,,,,,,,,,,,,,,,,,,,,,,,,,,,,,,,,,
Measurement mode: Absorbance,,,,,,,,,,,,,,,,,,,,,,,,,,,,,,,,,,,,,,,,,,,,,,,,,,,,,,,,,,,,,,,,,,,,,,,,,,,,,,,,,,,,,,,,,,,,,,,,,
Measurement wavelength: 600 nm,,,,,,,,,,,,,,,,,,,,,,,,,,,,,,,,,,,,,,,,,,,,,,,,,,,,,,,,,,,,,,,,,,,,,,,,,,,,,,,,,,,,,,,,,,,,,,,,,
Reference wavelength: 500 nm,,,,,,,,,,,,,,,,,,,,,,,,,,,,,,,,,,,,,,,,,,,,,,,,,,,,,,,,,,,,,,,,,,,,,,,,,,,,,,,,,,,,,,,,,,,,,,,,,
Read mode: Normal,,,,,,,,,,,,,,,,,,,,,,,,,,,,,,,,,,,,,,,,,,,,,,,,,,,,,,,,,,,,,,,,,,,,,,,,,,,,,,,,,,,,,,,,,,,,,,,,,
Number of kinetic cycles: 49,,,,,,,,,,,,,,,,,,,,,,,,,,,,,,,,,,,,,,,,,,,,,,,,,,,,,,,,,,,,,,,,,,,,,,,,,,,,,,,,,,,,,,,,,,,,,,,,,
Kinetic interval: 3600 s,,,,,,,,,,,,,,,,,,,,,,,,,,,,,,,,,,,,,,,,,,,,,,,,,,,,,,,,,,,,,,,,,,,,,,,,,,,,,,,,,,,,,,,,,,,,,,,,,
Valid temparature range: 22 - 32 °C,,,,,,,,,,,,,,,,,,,,,,,,,,,,,,,,,,,,,,,,,,,,,,,,,,,,,,,,,,,,,,,,,,,,,,,,,,,,,,,,,,,,,,,,,,,,,,,,,
Shake duration (Inside Normal): 10 s,,,,,,,,,,,,,,,,,,,,,,,,,,,,,,,,,,,,,,,,,,,,,,,,,,,,,,,,,,,,,,,,,,,,,,,,,,,,,,,,,,,,,,,,,,,,,,,,,
Unit: OD,,,,,,,,,,,,,,,,,,,,,,,,,,,,,,,,,,,,,,,,,,,,,,,,,,,,,,,,,,,,,,,,,,,,,,,,,,,,,,,,,,,,,,,,,,,,,,,,,
Total kinetic run time: 1days 21h 5s ,,,,,,,,,,,,,,,,,,,,,,,,,,,,,,,,,,,,,,,,,,,,,,,,,,,,,,,,,,,,,,,,,,,,,,,,,,,,,,,,,,,,,,,,,,,,,,,,,
